Workbook

Sheet 재고표
A1: 재고표 | C1: PL | D1: -0.5 | E1: -0.75 | F1: -1 | G1: -1.25 | H1: -1.5 | I1: -1.75 | J1: -2 | K1: -2.25 | L1: -2.5 | M1: -2.75 | N1: -3 | O1: -3.25 | P1: -3.5 | Q1: -3.75 | R1: -4 | S1: -4.25 | T1: -4.5 | U1: -4.75 | V1: -5 | W1: -5.25 | X1: -5.5 | Y1: -5.75 | Z1: -6 | AA1: -6.5 | AB1: -7 | AC1: -7.5 | AD1: -8 | AE1: -8.5 | AF1: -9 | AG1: -9.5 | AH1: -10 | AI1: -10.5 | AJ1: -11 | AK1: -11.5 | AL1: -12 | BF1: =IF(AND(AN1<30, V1>=30), "증가", "")
A2: *미셀리아 | AO2: =TODAY() -> 46203 | BY2: =TODAY()-1 -> 46202
A3: 1 | B3: 미셀리아 Deep Black | C3: =SUMIF(WMS용마재고!$A:$A,"S174-00.00", WMS용마재고!$L:$L) -> 831 | F3: =SUMIF(WMS용마재고!$A:$A,"S174-01.00", WMS용마재고!$L:$L) -> 588 | G3: =SUMIF(WMS용마재고!$A:$A,"S174-01.25", WMS용마재고!$L:$L) -> 762 | H3: =SUMIF(WMS용마재고!$A:$A,"S174-01.50", WMS용마재고!$L:$L) -> 622 | I3: =SUMIF(WMS용마재고!$A:$A,"S174-01.75", WMS용마재고!$L:$L) -> 599 | J3: =SUMIF(WMS용마재고!$A:$A,"S174-02.00", WMS용마재고!$L:$L) -> 556 | K3: =SUMIF(WMS용마재고!$A:$A,"S174-02.25", WMS용마재고!$L:$L) -> 606 | L3: =SUMIF(WMS용마재고!$A:$A,"S174-02.50", WMS용마재고!$L:$L) -> 1141 | M3: =SUMIF(WMS용마재고!$A:$A,"S174-02.75", WMS용마재고!$L:$L) -> 581 | N3: =SUMIF(WMS용마재고!$A:$A,"S174-03.00", WMS용마재고!$L:$L) -> 605 | O3: =SUMIF(WMS용마재고!$A:$A,"S174-03.25", WMS용마재고!$L:$L) -> 724 | P3: =SUMIF(WMS용마재고!$A:$A,"S174-03.50", WMS용마재고!$L:$L) -> 766 | Q3: =SUMIF(WMS용마재고!$A:$A,"S174-03.75", WMS용마재고!$L:$L) -> 686 | R3: =SUMIF(WMS용마재고!$A:$A,"S174-04.00", WMS용마재고!$L:$L) -> 575 | S3: =SUMIF(WMS용마재고!$A:$A,"S174-04.25", WMS용마재고!$L:$L) -> 584 | T3: =SUMIF(WMS용마재고!$A:$A,"S174-04.50", WMS용마재고!$L:$L) -> 587 | U3: =SUMIF(WMS용마재고!$A:$A,"S174-04.75", WMS용마재고!$L:$L) -> 585 | V3: =SUMIF(WMS용마재고!$A:$A,"S174-05.00", WMS용마재고!$L:$L) -> 593 | X3: =SUMIF(WMS용마재고!$A:$A,"S174-05.50", WMS용마재고!$L:$L) -> 613 | Z3: =SUMIF(WMS용마재고!$A:$A,"S174-06.00", WMS용마재고!$L:$L) -> 616 | AA3: =SUMIF(WMS용마재고!$A:$A,"S174-06.50", WMS용마재고!$L:$L) -> 622 | AB3: =SUMIF(WMS용마재고!$A:$A,"S174-07.00", WMS용마재고!$L:$L) -> 537 | AC3: =SUMIF(WMS용마재고!$A:$A,"S174-07.50", WMS용마재고!$L:$L) -> 670 | AD3: =SUMIF(WMS용마재고!$A:$A,"S174-08.00", WMS용마재고!$L:$L) -> 659 | AN3: O2O2 D_Sepia Choco | AO3: =SUMIF(WMS용마재고!$A:$A,"S174-00.00", WMS용마재고!$L:$L) -> 831 | AP3: =SUMIF(WMS용마재고!$A:$A,"S174-00.50", WMS용마재고!$L:$L) -> 0 | AQ3: =SUMIF(WMS용마재고!$A:$A,"S174-00.75", WMS용마재고!$L:$L) -> 0 | AR3: =SUMIF(WMS용마재고!$A:$A,"S174-01.00", WMS용마재고!$L:$L) -> 588 | AS3: =SUMIF(WMS용마재고!$A:$A,"S174-01.25", WMS용마재고!$L:$L) -> 762 | AT3: =SUMIF(WMS용마재고!$A:$A,"S174-01.50", WMS용마재고!$L:$L) -> 622 | AU3: =SUMIF(WMS용마재고!$A:$A,"S174-01.75", WMS용마재고!$L:$L) -> 599 | AV3: =SUMIF(WMS용마재고!$A:$A,"S174-02.00", WMS용마재고!$L:$L) -> 556 | AW3: =SUMIF(WMS용마재고!$A:$A,"S174-02.25", WMS용마재고!$L:$L) -> 606 | AX3: =SUMIF(WMS용마재고!$A:$A,"S174-02.50", WMS용마재고!$L:$L) -> 1141 | AY3: =SUMIF(WMS용마재고!$A:$A,"S174-02.75", WMS용마재고!$L:$L) -> 581 | AZ3: =SUMIF(WMS용마재고!$A:$A,"S174-03.00", WMS용마재고!$L:$L) -> 605 | BA3: =SUMIF(WMS용마재고!$A:$A,"S174-03.25", WMS용마재고!$L:$L) -> 724 | BB3: =SUMIF(WMS용마재고!$A:$A,"S174-03.50", WMS용마재고!$L:$L) -> 766 | BC3: =SUMIF(WMS용마재고!$A:$A,"S174-03.75", WMS용마재고!$L:$L) -> 686 | BD3: =SUMIF(WMS용마재고!$A:$A,"S174-04.00", WMS용마재고!$L:$L) -> 575 | BE3: =SUMIF(WMS용마재고!$A:$A,"S174-04.25", WMS용마재고!$L:$L) -> 584 | BF3: =SUMIF(WMS용마재고!$A:$A,"S174-04.50", WMS용마재고!$L:$L) -> 587 | BG3: =SUMIF(WMS용마재고!$A:$A,"S174-04.75", WMS용마재고!$L:$L) -> 585 | BH3: =SUMIF(WMS용마재고!$A:$A,"S174-05.00", WMS용마재고!$L:$L) -> 593 | BI3: =SUMIF(WMS용마재고!$A:$A,"S174-05.25", WMS용마재고!$L:$L) -> 0 | BJ3: =SUMIF(WMS용마재고!$A:$A,"S174-05.50", WMS용마재고!$L:$L) -> 613 | BK3: =SUMIF(WMS용마재고!$A:$A,"S174-05.75", WMS용마재고!$L:$L) -> 0 | BL3: =SUMIF(WMS용마재고!$A:$A,"S174-06.00", WMS용마재고!$L:$L) -> 616 | BM3: =SUMIF(WMS용마재고!$A:$A,"S174-06.50", WMS용마재고!$L:$L) -> 622 | BN3: =SUMIF(WMS용마재고!$A:$A,"S174-07.00", WMS용마재고!$L:$L) -> 537 | BO3: =SUMIF(WMS용마재고!$A:$A,"S174-07.50", WMS용마재고!$L:$L) -> 670 | BP3: =SUMIF(WMS용마재고!$A:$A,"S174-08.00", WMS용마재고!$L:$L) -> 659 | BQ3: =SUMIF(WMS용마재고!$A:$A,"S174-08.50", WMS용마재고!$L:$L) -> 0 | BR3: =SUMIF(WMS용마재고!$A:$A,"S174-09.00", WMS용마재고!$L:$L) -> 0 | BS3: =SUMIF(WMS용마재고!$A:$A,"S174-09.50", WMS용마재고!$L:$L) -> 0 | BT3: =SUMIF(WMS용마재고!$A:$A,"S174-10.00", WMS용마재고!$L:$L) -> 0 | BU3: =SUMIF(WMS용마재고!$A:$A,"s123-10.50", WMS용마재고!$L:$L) -> 0 | BV3: =SUMIF(WMS용마재고!$A:$A,"s123-10.50", WMS용마재고!$L:$L) -> 0 | BW3: =SUMIF(WMS용마재고!$A:$A,"s123-10.50", WMS용마재고!$L:$L) -> 0 | BX3: =SUMIF(WMS용마재고!$A:$A,"s123-10.50", WMS용마재고!$L:$L) -> 0 | BY3: 831 | BZ3: 0 | CA3: 0 | CB3: 588 | CC3: 762 | CD3: 622 | CE3: 599 | CF3: 556 | CG3: 606 | CH3: 1141 | CI3: 581 | CJ3: 605 | CK3: 724 | CL3: 766 | CM3: 686 | CN3: 575 | CO3: 584 | CP3: 587 | CQ3: 585 | CR3: 593 | CS3: 0 | CT3: 613 | CU3: 0 | CV3: 616 | CW3: 622 | CX3: 537 | CY3: 670 | CZ3: 659 | DA3: 0 | DB3: 0 | DC3: 0 | DD3: 0 | DE3: 0 | DF3: 0 | DG3: 0 | DH3: 0 | DI3: =IF(AND(BY3<30, AO3>=30), "증가", "") | DJ3: =IF(AND(BZ3<30, AP3>=30), "증가", "") | DK3: =IF(AND(CA3<30, AQ3>=30), "증가", "") | DL3: =IF(AND(CB3<30, AR3>=30), "증가", "") | DM3: =IF(AND(CC3<30, AS3>=30), "증가", "") | DN3: =IF(AND(CD3<30, AT3>=30), "증가", "") | DO3: =IF(AND(CE3<30, AU3>=30), "증가", "") | DP3: =IF(AND(CF3<30, AV3>=30), "증가", "") | ... ER3: =IF(AND(DH3<30, BX3>=30), "증가", "") | ES3: =IF(AND(AO3<30, BY3>=30), "경고", "") | ET3: =IF(AND(AP3<30, BZ3>=30), "경고", "") | EU3: =IF(AND(AQ3<30, CA3>=30), "경고", "") | EV3: =IF(AND(AR3<30, CB3>=30), "경고", "") | EW3: =IF(AND(AS3<30, CC3>=30), "경고", "") | EX3: =IF(AND(AT3<30, CD3>=30), "경고", "") | EY3: =IF(AND(AU3<30, CE3>=30), "경고", "") | EZ3: =IF(AND(AV3<30, CF3>=30), "경고", "") | ... GB3: =IF(AND(BX3<30, DH3>=30), "경고", "")
A4: 2 | B4: 미셀리아 Lake Gray | C4: =SUMIF(WMS용마재고!$A:$A,"S175-00.00", WMS용마재고!$L:$L) -> 553 | F4: =SUMIF(WMS용마재고!$A:$A,"S175-01.00", WMS용마재고!$L:$L) -> 554 | G4: =SUMIF(WMS용마재고!$A:$A,"S175-01.25", WMS용마재고!$L:$L) -> 572 | H4: =SUMIF(WMS용마재고!$A:$A,"S175-01.50", WMS용마재고!$L:$L) -> 555 | I4: =SUMIF(WMS용마재고!$A:$A,"S175-01.75", WMS용마재고!$L:$L) -> 559 | J4: =SUMIF(WMS용마재고!$A:$A,"S175-02.00", WMS용마재고!$L:$L) -> 568 | K4: =SUMIF(WMS용마재고!$A:$A,"S175-02.25", WMS용마재고!$L:$L) -> 564 | L4: =SUMIF(WMS용마재고!$A:$A,"S175-02.50", WMS용마재고!$L:$L) -> 580 | M4: =SUMIF(WMS용마재고!$A:$A,"S175-02.75", WMS용마재고!$L:$L) -> 631 | N4: =SUMIF(WMS용마재고!$A:$A,"S175-03.00", WMS용마재고!$L:$L) -> 605 | O4: =SUMIF(WMS용마재고!$A:$A,"S175-03.25", WMS용마재고!$L:$L) -> 543 | P4: =SUMIF(WMS용마재고!$A:$A,"S175-03.50", WMS용마재고!$L:$L) -> 571 | Q4: =SUMIF(WMS용마재고!$A:$A,"S175-03.75", WMS용마재고!$L:$L) -> 577 | R4: =SUMIF(WMS용마재고!$A:$A,"S175-04.00", WMS용마재고!$L:$L) -> 578 | S4: =SUMIF(WMS용마재고!$A:$A,"S175-04.25", WMS용마재고!$L:$L) -> 307 | T4: =SUMIF(WMS용마재고!$A:$A,"S175-04.50", WMS용마재고!$L:$L) -> 560 | U4: =SUMIF(WMS용마재고!$A:$A,"S175-04.75", WMS용마재고!$L:$L) -> 627 | V4: =SUMIF(WMS용마재고!$A:$A,"S175-05.00", WMS용마재고!$L:$L) -> 556 | X4: =SUMIF(WMS용마재고!$A:$A,"S175-05.50", WMS용마재고!$L:$L) -> 624 | Z4: =SUMIF(WMS용마재고!$A:$A,"S175-06.00", WMS용마재고!$L:$L) -> 600 | AA4: =SUMIF(WMS용마재고!$A:$A,"S175-06.50", WMS용마재고!$L:$L) -> 264 | AB4: =SUMIF(WMS용마재고!$A:$A,"S175-07.00", WMS용마재고!$L:$L) -> 625 | AC4: =SUMIF(WMS용마재고!$A:$A,"S175-07.50", WMS용마재고!$L:$L) -> 652 | AD4: =SUMIF(WMS용마재고!$A:$A,"S175-08.00", WMS용마재고!$L:$L) -> 597 | AN4: O2O2 D_Ash Brown EX | AO4: =SUMIF(WMS용마재고!$A:$A,"S175-00.00", WMS용마재고!$L:$L) -> 553 | AP4: =SUMIF(WMS용마재고!$A:$A,"S175-00.50", WMS용마재고!$L:$L) -> 0 | AQ4: =SUMIF(WMS용마재고!$A:$A,"S175-00.75", WMS용마재고!$L:$L) -> 0 | AR4: =SUMIF(WMS용마재고!$A:$A,"S175-01.00", WMS용마재고!$L:$L) -> 554 | AS4: =SUMIF(WMS용마재고!$A:$A,"S175-01.25", WMS용마재고!$L:$L) -> 572 | AT4: =SUMIF(WMS용마재고!$A:$A,"S175-01.50", WMS용마재고!$L:$L) -> 555 | AU4: =SUMIF(WMS용마재고!$A:$A,"S175-01.75", WMS용마재고!$L:$L) -> 559 | AV4: =SUMIF(WMS용마재고!$A:$A,"S175-02.00", WMS용마재고!$L:$L) -> 568 | AW4: =SUMIF(WMS용마재고!$A:$A,"S175-02.25", WMS용마재고!$L:$L) -> 564 | AX4: =SUMIF(WMS용마재고!$A:$A,"S175-02.50", WMS용마재고!$L:$L) -> 580 | AY4: =SUMIF(WMS용마재고!$A:$A,"S175-02.75", WMS용마재고!$L:$L) -> 631 | AZ4: =SUMIF(WMS용마재고!$A:$A,"S175-03.00", WMS용마재고!$L:$L) -> 605 | BA4: =SUMIF(WMS용마재고!$A:$A,"S175-03.25", WMS용마재고!$L:$L) -> 543 | BB4: =SUMIF(WMS용마재고!$A:$A,"S175-03.50", WMS용마재고!$L:$L) -> 571 | BC4: =SUMIF(WMS용마재고!$A:$A,"S175-03.75", WMS용마재고!$L:$L) -> 577 | BD4: =SUMIF(WMS용마재고!$A:$A,"S175-04.00", WMS용마재고!$L:$L) -> 578 | BE4: =SUMIF(WMS용마재고!$A:$A,"S175-04.25", WMS용마재고!$L:$L) -> 307 | BF4: =SUMIF(WMS용마재고!$A:$A,"S175-04.50", WMS용마재고!$L:$L) -> 560 | BG4: =SUMIF(WMS용마재고!$A:$A,"S175-04.75", WMS용마재고!$L:$L) -> 627 | BH4: =SUMIF(WMS용마재고!$A:$A,"S175-05.00", WMS용마재고!$L:$L) -> 556 | BI4: =SUMIF(WMS용마재고!$A:$A,"S175-05.25", WMS용마재고!$L:$L) -> 0 | BJ4: =SUMIF(WMS용마재고!$A:$A,"S175-05.50", WMS용마재고!$L:$L) -> 624 | BK4: =SUMIF(WMS용마재고!$A:$A,"S175-05.75", WMS용마재고!$L:$L) -> 0 | BL4: =SUMIF(WMS용마재고!$A:$A,"S175-06.00", WMS용마재고!$L:$L) -> 600 | BM4: =SUMIF(WMS용마재고!$A:$A,"S175-06.50", WMS용마재고!$L:$L) -> 264 | BN4: =SUMIF(WMS용마재고!$A:$A,"S175-07.00", WMS용마재고!$L:$L) -> 625 | BO4: =SUMIF(WMS용마재고!$A:$A,"S175-07.50", WMS용마재고!$L:$L) -> 652 | BP4: =SUMIF(WMS용마재고!$A:$A,"S175-08.00", WMS용마재고!$L:$L) -> 597 | BQ4: =SUMIF(WMS용마재고!$A:$A,"S175-08.50", WMS용마재고!$L:$L) -> 0 | BR4: =SUMIF(WMS용마재고!$A:$A,"S175-09.00", WMS용마재고!$L:$L) -> 0 | BS4: =SUMIF(WMS용마재고!$A:$A,"S175-09.50", WMS용마재고!$L:$L) -> 0 | BT4: =SUMIF(WMS용마재고!$A:$A,"S175-10.00", WMS용마재고!$L:$L) -> 0 | BV4: =SUMIF(WMS용마재고!$A:$A,"S175-10.50", WMS용마재고!$L:$L) -> 0 | BW4: =SUMIF(WMS용마재고!$A:$A,"S175-10.50", WMS용마재고!$L:$L) -> 0 | BX4: =SUMIF(WMS용마재고!$A:$A,"S175-10.50", WMS용마재고!$L:$L) -> 0 | BY4: 553 | BZ4: 0 | CA4: 0 | CB4: 554 | CC4: 572 | CD4: 555 | CE4: 559 | CF4: 568 | CG4: 564 | CH4: 580 | CI4: 631 | CJ4: 605 | CK4: 543 | CL4: 571 | CM4: 577 | CN4: 578 | CO4: 307 | CP4: 560 | CQ4: 627 | CR4: 556 | CS4: 0 | CT4: 624 | CU4: 0 | CV4: 600 | CW4: 264 | CX4: 625 | CY4: 652 | CZ4: 597 | DA4: 0 | DB4: 0 | DC4: 0 | DD4: 0 | DF4: 0 | DG4: 0 | DH4: 0 | DI4: =IF(AND(BY4<30, AO4>=30), "증가", "") | DJ4: =IF(AND(BZ4<30, AP4>=30), "증가", "") | DK4: =IF(AND(CA4<30, AQ4>=30), "증가", "") | DL4: =IF(AND(CB4<30, AR4>=30), "증가", "") | DM4: =IF(AND(CC4<30, AS4>=30), "증가", "") | DN4: =IF(AND(CD4<30, AT4>=30), "증가", "") | DO4: =IF(AND(CE4<30, AU4>=30), "증가", "") | DP4: =IF(AND(CF4<30, AV4>=30), "증가", "") | ... ER4: =IF(AND(DH4<30, BX4>=30), "증가", "") | ES4: =IF(AND(AO4<30, BY4>=30), "경고", "") | ET4: =IF(AND(AP4<30, BZ4>=30), "경고", "") | EU4: =IF(AND(AQ4<30, CA4>=30), "경고", "") | EV4: =IF(AND(AR4<30, CB4>=30), "경고", "") | EW4: =IF(AND(AS4<30, CC4>=30), "경고", "") | EX4: =IF(AND(AT4<30, CD4>=30), "경고", "") | EY4: =IF(AND(AU4<30, CE4>=30), "경고", "") | EZ4: =IF(AND(AV4<30, CF4>=30), "경고", "") | ... GB4: =IF(AND(BX4<30, DH4>=30), "경고", "")
A5: 3 | B5: 미셀리아 Mute Brown | C5: =SUMIF(WMS용마재고!$A:$A,"S176-00.00", WMS용마재고!$L:$L) -> 512 | F5: =SUMIF(WMS용마재고!$A:$A,"S176-01.00", WMS용마재고!$L:$L) -> 541 | G5: =SUMIF(WMS용마재고!$A:$A,"S176-01.25", WMS용마재고!$L:$L) -> 654 | H5: =SUMIF(WMS용마재고!$A:$A,"S176-01.50", WMS용마재고!$L:$L) -> 569 | I5: =SUMIF(WMS용마재고!$A:$A,"S176-01.75", WMS용마재고!$L:$L) -> 613 | J5: =SUMIF(WMS용마재고!$A:$A,"S176-02.00", WMS용마재고!$L:$L) -> 675 | K5: =SUMIF(WMS용마재고!$A:$A,"S176-02.25", WMS용마재고!$L:$L) -> 564 | L5: =SUMIF(WMS용마재고!$A:$A,"S176-02.50", WMS용마재고!$L:$L) -> 629 | M5: =SUMIF(WMS용마재고!$A:$A,"S176-02.75", WMS용마재고!$L:$L) -> 139 | N5: =SUMIF(WMS용마재고!$A:$A,"S176-03.00", WMS용마재고!$L:$L) -> 601 | O5: =SUMIF(WMS용마재고!$A:$A,"S176-03.25", WMS용마재고!$L:$L) -> 673 | P5: =SUMIF(WMS용마재고!$A:$A,"S176-03.50", WMS용마재고!$L:$L) -> 613 | Q5: =SUMIF(WMS용마재고!$A:$A,"S176-03.75", WMS용마재고!$L:$L) -> 640 | R5: =SUMIF(WMS용마재고!$A:$A,"S176-04.00", WMS용마재고!$L:$L) -> 623 | S5: =SUMIF(WMS용마재고!$A:$A,"S176-04.25", WMS용마재고!$L:$L) -> 582 | T5: =SUMIF(WMS용마재고!$A:$A,"S176-04.50", WMS용마재고!$L:$L) -> 594 | U5: =SUMIF(WMS용마재고!$A:$A,"S176-04.75", WMS용마재고!$L:$L) -> 620 | V5: =SUMIF(WMS용마재고!$A:$A,"S176-05.00", WMS용마재고!$L:$L) -> 605 | X5: =SUMIF(WMS용마재고!$A:$A,"S176-05.50", WMS용마재고!$L:$L) -> 355 | Z5: =SUMIF(WMS용마재고!$A:$A,"S176-06.00", WMS용마재고!$L:$L) -> 438 | AA5: =SUMIF(WMS용마재고!$A:$A,"S176-06.50", WMS용마재고!$L:$L) -> 636 | AB5: =SUMIF(WMS용마재고!$A:$A,"S176-07.00", WMS용마재고!$L:$L) -> 599 | AC5: =SUMIF(WMS용마재고!$A:$A,"S176-07.50", WMS용마재고!$L:$L) -> 629 | AD5: =SUMIF(WMS용마재고!$A:$A,"S176-08.00", WMS용마재고!$L:$L) -> 514 | AN5: O2O2 D_Ash Gray EX | AO5: =SUMIF(WMS용마재고!$A:$A,"S176-00.00", WMS용마재고!$L:$L) -> 512 | AP5: =SUMIF(WMS용마재고!$A:$A,"S176-00.50", WMS용마재고!$L:$L) -> 0 | AQ5: =SUMIF(WMS용마재고!$A:$A,"S176-00.75", WMS용마재고!$L:$L) -> 0 | AR5: =SUMIF(WMS용마재고!$A:$A,"S176-01.00", WMS용마재고!$L:$L) -> 541 | AS5: =SUMIF(WMS용마재고!$A:$A,"S176-01.25", WMS용마재고!$L:$L) -> 654 | AT5: =SUMIF(WMS용마재고!$A:$A,"S176-01.50", WMS용마재고!$L:$L) -> 569 | AU5: =SUMIF(WMS용마재고!$A:$A,"S176-01.75", WMS용마재고!$L:$L) -> 613 | AV5: =SUMIF(WMS용마재고!$A:$A,"S176-02.00", WMS용마재고!$L:$L) -> 675 | AW5: =SUMIF(WMS용마재고!$A:$A,"S176-02.25", WMS용마재고!$L:$L) -> 564 | AX5: =SUMIF(WMS용마재고!$A:$A,"S176-02.50", WMS용마재고!$L:$L) -> 629 | AY5: =SUMIF(WMS용마재고!$A:$A,"S176-02.75", WMS용마재고!$L:$L) -> 139 | AZ5: =SUMIF(WMS용마재고!$A:$A,"S176-03.00", WMS용마재고!$L:$L) -> 601 | BA5: =SUMIF(WMS용마재고!$A:$A,"S176-03.25", WMS용마재고!$L:$L) -> 673 | BB5: =SUMIF(WMS용마재고!$A:$A,"S176-03.50", WMS용마재고!$L:$L) -> 613 | BC5: =SUMIF(WMS용마재고!$A:$A,"S176-03.75", WMS용마재고!$L:$L) -> 640 | BD5: =SUMIF(WMS용마재고!$A:$A,"S176-04.00", WMS용마재고!$L:$L) -> 623 | BE5: =SUMIF(WMS용마재고!$A:$A,"S176-04.25", WMS용마재고!$L:$L) -> 582 | BF5: =SUMIF(WMS용마재고!$A:$A,"S176-04.50", WMS용마재고!$L:$L) -> 594 | BG5: =SUMIF(WMS용마재고!$A:$A,"S176-04.75", WMS용마재고!$L:$L) -> 620 | BH5: =SUMIF(WMS용마재고!$A:$A,"S176-05.00", WMS용마재고!$L:$L) -> 605 | BI5: =SUMIF(WMS용마재고!$A:$A,"S176-05.25", WMS용마재고!$L:$L) -> 0 | BJ5: =SUMIF(WMS용마재고!$A:$A,"S176-05.50", WMS용마재고!$L:$L) -> 355 | BK5: =SUMIF(WMS용마재고!$A:$A,"S176-05.75", WMS용마재고!$L:$L) -> 0 | BL5: =SUMIF(WMS용마재고!$A:$A,"S176-06.00", WMS용마재고!$L:$L) -> 438 | BM5: =SUMIF(WMS용마재고!$A:$A,"S176-06.50", WMS용마재고!$L:$L) -> 636 | BN5: =SUMIF(WMS용마재고!$A:$A,"S176-07.00", WMS용마재고!$L:$L) -> 599 | BO5: =SUMIF(WMS용마재고!$A:$A,"S176-07.50", WMS용마재고!$L:$L) -> 629 | BP5: =SUMIF(WMS용마재고!$A:$A,"S176-08.00", WMS용마재고!$L:$L) -> 514 | BQ5: =SUMIF(WMS용마재고!$A:$A,"S176-08.50", WMS용마재고!$L:$L) -> 0 | BR5: =SUMIF(WMS용마재고!$A:$A,"S176-09.00", WMS용마재고!$L:$L) -> 0 | BS5: =SUMIF(WMS용마재고!$A:$A,"S176-09.50", WMS용마재고!$L:$L) -> 0 | BT5: =SUMIF(WMS용마재고!$A:$A,"S176-10.00", WMS용마재고!$L:$L) -> 0 | BU5: =SUMIF(WMS용마재고!$A:$A,"S617-10.50", WMS용마재고!$L:$L) -> 0 | BV5: =SUMIF(WMS용마재고!$A:$A,"S617-10.50", WMS용마재고!$L:$L) -> 0 | BW5: =SUMIF(WMS용마재고!$A:$A,"S617-10.50", WMS용마재고!$L:$L) -> 0 | BX5: =SUMIF(WMS용마재고!$A:$A,"S617-10.50", WMS용마재고!$L:$L) -> 0 | BY5: 512 | BZ5: 0 | CA5: 0 | CB5: 541 | CC5: 654 | CD5: 569 | CE5: 613 | CF5: 675 | CG5: 564 | CH5: 629 | CI5: 139 | CJ5: 601 | CK5: 673 | CL5: 613 | CM5: 640 | CN5: 623 | CO5: 582 | CP5: 594 | CQ5: 620 | CR5: 605 | CS5: 0 | CT5: 355 | CU5: 0 | CV5: 438 | CW5: 636 | CX5: 599 | CY5: 629 | CZ5: 514 | DA5: 0 | DB5: 0 | DC5: 0 | DD5: 0 | DE5: 0 | DF5: 0 | DG5: 0 | DH5: 0 | DI5: =IF(AND(BY5<30, AO5>=30), "증가", "") | DJ5: =IF(AND(BZ5<30, AP5>=30), "증가", "") | DK5: =IF(AND(CA5<30, AQ5>=30), "증가", "") | DL5: =IF(AND(CB5<30, AR5>=30), "증가", "") | DM5: =IF(AND(CC5<30, AS5>=30), "증가", "") | DN5: =IF(AND(CD5<30, AT5>=30), "증가", "") | DO5: =IF(AND(CE5<30, AU5>=30), "증가", "") | DP5: =IF(AND(CF5<30, AV5>=30), "증가", "") | ... ER5: =IF(AND(DH5<30, BX5>=30), "증가", "") | ES5: =IF(AND(AO5<30, BY5>=30), "경고", "") | ET5: =IF(AND(AP5<30, BZ5>=30), "경고", "") | EU5: =IF(AND(AQ5<30, CA5>=30), "경고", "") | EV5: =IF(AND(AR5<30, CB5>=30), "경고", "") | EW5: =IF(AND(AS5<30, CC5>=30), "경고", "") | EX5: =IF(AND(AT5<30, CD5>=30), "경고", "") | EY5: =IF(AND(AU5<30, CE5>=30), "경고", "") | EZ5: =IF(AND(AV5<30, CF5>=30), "경고", "") | ... GB5: =IF(AND(BX5<30, DH5>=30), "경고", "")
A6: 4 | B6: 미셀리아 Pale Choco | C6: =SUMIF(WMS용마재고!$A:$A,"S317-00.00", WMS용마재고!$L:$L) -> 317 | F6: =SUMIF(WMS용마재고!$A:$A,"S317-01.00", WMS용마재고!$L:$L) -> 301 | G6: =SUMIF(WMS용마재고!$A:$A,"S317-01.25", WMS용마재고!$L:$L) -> 291 | H6: =SUMIF(WMS용마재고!$A:$A,"S317-01.50", WMS용마재고!$L:$L) -> 299 | I6: =SUMIF(WMS용마재고!$A:$A,"S317-01.75", WMS용마재고!$L:$L) -> 288 | J6: =SUMIF(WMS용마재고!$A:$A,"S317-02.00", WMS용마재고!$L:$L) -> 267 | K6: =SUMIF(WMS용마재고!$A:$A,"S317-02.25", WMS용마재고!$L:$L) -> 271 | L6: =SUMIF(WMS용마재고!$A:$A,"S317-02.50", WMS용마재고!$L:$L) -> 305 | M6: =SUMIF(WMS용마재고!$A:$A,"S317-02.75", WMS용마재고!$L:$L) -> 303 | N6: =SUMIF(WMS용마재고!$A:$A,"S317-03.00", WMS용마재고!$L:$L) -> 294 | O6: =SUMIF(WMS용마재고!$A:$A,"S317-03.25", WMS용마재고!$L:$L) -> 270 | P6: =SUMIF(WMS용마재고!$A:$A,"S317-03.50", WMS용마재고!$L:$L) -> 276 | Q6: =SUMIF(WMS용마재고!$A:$A,"S317-03.75", WMS용마재고!$L:$L) -> 277 | R6: =SUMIF(WMS용마재고!$A:$A,"S317-04.00", WMS용마재고!$L:$L) -> 267 | S6: =SUMIF(WMS용마재고!$A:$A,"S317-04.25", WMS용마재고!$L:$L) -> 253 | T6: =SUMIF(WMS용마재고!$A:$A,"S317-04.50", WMS용마재고!$L:$L) -> 257 | U6: =SUMIF(WMS용마재고!$A:$A,"S317-04.75", WMS용마재고!$L:$L) -> 263 | V6: =SUMIF(WMS용마재고!$A:$A,"S317-05.00", WMS용마재고!$L:$L) -> 263 | X6: =SUMIF(WMS용마재고!$A:$A,"S317-05.50", WMS용마재고!$L:$L) -> 278 | Z6: =SUMIF(WMS용마재고!$A:$A,"S317-06.00", WMS용마재고!$L:$L) -> 292 | AA6: =SUMIF(WMS용마재고!$A:$A,"S317-06.50", WMS용마재고!$L:$L) -> 216 | AB6: =SUMIF(WMS용마재고!$A:$A,"S317-07.00", WMS용마재고!$L:$L) -> 342 | AC6: =SUMIF(WMS용마재고!$A:$A,"S317-07.50", WMS용마재고!$L:$L) -> 358 | AD6: =SUMIF(WMS용마재고!$A:$A,"S317-08.00", WMS용마재고!$L:$L) -> 364 | AN6: O2O2 D_Ash Gray EX | AO6: =SUMIF(WMS용마재고!$A:$A,"S317-00.00", WMS용마재고!$L:$L) -> 317 | AP6: =SUMIF(WMS용마재고!$A:$A,"S317-00.50", WMS용마재고!$L:$L) -> 0 | AQ6: =SUMIF(WMS용마재고!$A:$A,"S317-00.75", WMS용마재고!$L:$L) -> 0 | AR6: =SUMIF(WMS용마재고!$A:$A,"S317-01.00", WMS용마재고!$L:$L) -> 301 | AS6: =SUMIF(WMS용마재고!$A:$A,"S317-01.25", WMS용마재고!$L:$L) -> 291 | AT6: =SUMIF(WMS용마재고!$A:$A,"S317-01.50", WMS용마재고!$L:$L) -> 299 | AU6: =SUMIF(WMS용마재고!$A:$A,"S317-01.75", WMS용마재고!$L:$L) -> 288 | AV6: =SUMIF(WMS용마재고!$A:$A,"S317-02.00", WMS용마재고!$L:$L) -> 267 | AW6: =SUMIF(WMS용마재고!$A:$A,"S317-02.25", WMS용마재고!$L:$L) -> 271 | AX6: =SUMIF(WMS용마재고!$A:$A,"S317-02.50", WMS용마재고!$L:$L) -> 305 | AY6: =SUMIF(WMS용마재고!$A:$A,"S317-02.75", WMS용마재고!$L:$L) -> 303 | AZ6: =SUMIF(WMS용마재고!$A:$A,"S317-03.00", WMS용마재고!$L:$L) -> 294 | BA6: =SUMIF(WMS용마재고!$A:$A,"S317-03.25", WMS용마재고!$L:$L) -> 270 | BB6: =SUMIF(WMS용마재고!$A:$A,"S317-03.50", WMS용마재고!$L:$L) -> 276 | BC6: =SUMIF(WMS용마재고!$A:$A,"S317-03.75", WMS용마재고!$L:$L) -> 277 | BD6: =SUMIF(WMS용마재고!$A:$A,"S317-04.00", WMS용마재고!$L:$L) -> 267 | BE6: =SUMIF(WMS용마재고!$A:$A,"S317-04.25", WMS용마재고!$L:$L) -> 253 | BF6: =SUMIF(WMS용마재고!$A:$A,"S317-04.50", WMS용마재고!$L:$L) -> 257 | BG6: =SUMIF(WMS용마재고!$A:$A,"S317-04.75", WMS용마재고!$L:$L) -> 263 | BH6: =SUMIF(WMS용마재고!$A:$A,"S317-05.00", WMS용마재고!$L:$L) -> 263 | BI6: =SUMIF(WMS용마재고!$A:$A,"S317-05.25", WMS용마재고!$L:$L) -> 0 | BJ6: =SUMIF(WMS용마재고!$A:$A,"S317-05.50", WMS용마재고!$L:$L) -> 278 | BK6: =SUMIF(WMS용마재고!$A:$A,"S317-05.75", WMS용마재고!$L:$L) -> 0 | BL6: =SUMIF(WMS용마재고!$A:$A,"S317-06.00", WMS용마재고!$L:$L) -> 292 | BM6: =SUMIF(WMS용마재고!$A:$A,"S317-06.50", WMS용마재고!$L:$L) -> 216 | BN6: =SUMIF(WMS용마재고!$A:$A,"S317-07.00", WMS용마재고!$L:$L) -> 342 | BO6: =SUMIF(WMS용마재고!$A:$A,"S317-07.50", WMS용마재고!$L:$L) -> 358 | BP6: =SUMIF(WMS용마재고!$A:$A,"S317-08.00", WMS용마재고!$L:$L) -> 364 | BQ6: =SUMIF(WMS용마재고!$A:$A,"S317-08.50", WMS용마재고!$L:$L) -> 0 | BR6: =SUMIF(WMS용마재고!$A:$A,"S317-09.00", WMS용마재고!$L:$L) -> 0 | BS6: =SUMIF(WMS용마재고!$A:$A,"S317-09.50", WMS용마재고!$L:$L) -> 0 | BT6: =SUMIF(WMS용마재고!$A:$A,"S317-10.00", WMS용마재고!$L:$L) -> 0 | BU6: =SUMIF(WMS용마재고!$A:$A,"S617-10.50", WMS용마재고!$L:$L) -> 0 | BV6: =SUMIF(WMS용마재고!$A:$A,"S617-10.50", WMS용마재고!$L:$L) -> 0 | BW6: =SUMIF(WMS용마재고!$A:$A,"S617-10.50", WMS용마재고!$L:$L) -> 0 | BX6: =SUMIF(WMS용마재고!$A:$A,"S617-10.50", WMS용마재고!$L:$L) -> 0 | BY6: 317 | BZ6: 0 | CA6: 0 | CB6: 301 | CC6: 291 | CD6: 299 | CE6: 288 | CF6: 267 | CG6: 271 | CH6: 305 | CI6: 303 | CJ6: 294 | CK6: 270 | CL6: 276 | CM6: 277 | CN6: 267 | CO6: 253 | CP6: 257 | CQ6: 263 | CR6: 263 | CS6: 0 | CT6: 278 | CU6: 0 | CV6: 292 | CW6: 216 | CX6: 342 | CY6: 358 | CZ6: 364 | DA6: 0 | DB6: 0 | DC6: 0 | DD6: 0 | DE6: 0 | DF6: 0 | DG6: 0 | DH6: 0 | DI6: =IF(AND(BY6<30, AO6>=30), "증가", "") | DJ6: =IF(AND(BZ6<30, AP6>=30), "증가", "") | DK6: =IF(AND(CA6<30, AQ6>=30), "증가", "") | DL6: =IF(AND(CB6<30, AR6>=30), "증가", "") | DM6: =IF(AND(CC6<30, AS6>=30), "증가", "") | DN6: =IF(AND(CD6<30, AT6>=30), "증가", "") | DO6: =IF(AND(CE6<30, AU6>=30), "증가", "") | DP6: =IF(AND(CF6<30, AV6>=30), "증가", "") | ... ER6: =IF(AND(DH6<30, BX6>=30), "증가", "") | ES6: =IF(AND(AO6<30, BY6>=30), "경고", "") | ET6: =IF(AND(AP6<30, BZ6>=30), "경고", "") | EU6: =IF(AND(AQ6<30, CA6>=30), "경고", "") | EV6: =IF(AND(AR6<30, CB6>=30), "경고", "") | EW6: =IF(AND(AS6<30, CC6>=30), "경고", "") | EX6: =IF(AND(AT6<30, CD6>=30), "경고", "") | EY6: =IF(AND(AU6<30, CE6>=30), "경고", "") | EZ6: =IF(AND(AV6<30, CF6>=30), "경고", "") | ... GB6: =IF(AND(BX6<30, DH6>=30), "경고", "")
A7: * 미셀리아 10P
A8: 5 | B8: 미셀리아 Deep Black 10P | C8: =SUMIF(WMS용마재고!$A:$A,"S300-00.00", WMS용마재고!$L:$L) -> 646 | F8: =SUMIF(WMS용마재고!$A:$A,"S300-01.00", WMS용마재고!$L:$L) -> 420 | G8: =SUMIF(WMS용마재고!$A:$A,"S300-01.25", WMS용마재고!$L:$L) -> 340 | H8: =SUMIF(WMS용마재고!$A:$A,"S300-01.50", WMS용마재고!$L:$L) -> 498 | I8: =SUMIF(WMS용마재고!$A:$A,"S300-01.75", WMS용마재고!$L:$L) -> 470 | J8: =SUMIF(WMS용마재고!$A:$A,"S300-02.00", WMS용마재고!$L:$L) -> 340 | K8: =SUMIF(WMS용마재고!$A:$A,"S300-02.25", WMS용마재고!$L:$L) -> 491 | L8: =SUMIF(WMS용마재고!$A:$A,"S300-02.50", WMS용마재고!$L:$L) -> 379 | M8: =SUMIF(WMS용마재고!$A:$A,"S300-02.75", WMS용마재고!$L:$L) -> 360 | N8: =SUMIF(WMS용마재고!$A:$A,"S300-03.00", WMS용마재고!$L:$L) -> 357 | O8: =SUMIF(WMS용마재고!$A:$A,"S300-03.25", WMS용마재고!$L:$L) -> 340 | P8: =SUMIF(WMS용마재고!$A:$A,"S300-03.50", WMS용마재고!$L:$L) -> 340 | Q8: =SUMIF(WMS용마재고!$A:$A,"S300-03.75", WMS용마재고!$L:$L) -> 340 | R8: =SUMIF(WMS용마재고!$A:$A,"S300-04.00", WMS용마재고!$L:$L) -> 340 | S8: =SUMIF(WMS용마재고!$A:$A,"S300-04.25", WMS용마재고!$L:$L) -> 340 | T8: =SUMIF(WMS용마재고!$A:$A,"S300-04.50", WMS용마재고!$L:$L) -> 340 | U8: =SUMIF(WMS용마재고!$A:$A,"S300-04.75", WMS용마재고!$L:$L) -> 360 | V8: =SUMIF(WMS용마재고!$A:$A,"S300-05.00", WMS용마재고!$L:$L) -> 340 | X8: =SUMIF(WMS용마재고!$A:$A,"S300-05.50", WMS용마재고!$L:$L) -> 380 | Z8: =SUMIF(WMS용마재고!$A:$A,"S300-06.00", WMS용마재고!$L:$L) -> 340 | AA8: =SUMIF(WMS용마재고!$A:$A,"S300-06.50", WMS용마재고!$L:$L) -> 320 | AB8: =SUMIF(WMS용마재고!$A:$A,"S300-07.00", WMS용마재고!$L:$L) -> 155 | AC8: =SUMIF(WMS용마재고!$A:$A,"S300-07.50", WMS용마재고!$L:$L) -> 320 | AD8: =SUMIF(WMS용마재고!$A:$A,"S300-08.00", WMS용마재고!$L:$L) -> 281 | AN8: O2O2 D_Sepia Choco | AO8: =SUMIF(WMS용마재고!$A:$A,"S300-00.00", WMS용마재고!$L:$L) -> 646 | AP8: =SUMIF(WMS용마재고!$A:$A,"S300-00.50", WMS용마재고!$L:$L) -> 0 | AQ8: =SUMIF(WMS용마재고!$A:$A,"S300-00.75", WMS용마재고!$L:$L) -> 0 | AR8: =SUMIF(WMS용마재고!$A:$A,"S300-01.00", WMS용마재고!$L:$L) -> 420 | AS8: =SUMIF(WMS용마재고!$A:$A,"S300-01.25", WMS용마재고!$L:$L) -> 340 | AT8: =SUMIF(WMS용마재고!$A:$A,"S300-01.50", WMS용마재고!$L:$L) -> 498 | AU8: =SUMIF(WMS용마재고!$A:$A,"S300-01.75", WMS용마재고!$L:$L) -> 470 | AV8: =SUMIF(WMS용마재고!$A:$A,"S300-02.00", WMS용마재고!$L:$L) -> 340 | AW8: =SUMIF(WMS용마재고!$A:$A,"S300-02.25", WMS용마재고!$L:$L) -> 491 | AX8: =SUMIF(WMS용마재고!$A:$A,"S300-02.50", WMS용마재고!$L:$L) -> 379 | AY8: =SUMIF(WMS용마재고!$A:$A,"S300-02.75", WMS용마재고!$L:$L) -> 360 | AZ8: =SUMIF(WMS용마재고!$A:$A,"S300-03.00", WMS용마재고!$L:$L) -> 357 | BA8: =SUMIF(WMS용마재고!$A:$A,"S300-03.25", WMS용마재고!$L:$L) -> 340 | BB8: =SUMIF(WMS용마재고!$A:$A,"S300-03.50", WMS용마재고!$L:$L) -> 340 | BC8: =SUMIF(WMS용마재고!$A:$A,"S300-03.75", WMS용마재고!$L:$L) -> 340 | BD8: =SUMIF(WMS용마재고!$A:$A,"S300-04.00", WMS용마재고!$L:$L) -> 340 | BE8: =SUMIF(WMS용마재고!$A:$A,"S300-04.25", WMS용마재고!$L:$L) -> 340 | BF8: =SUMIF(WMS용마재고!$A:$A,"S300-04.50", WMS용마재고!$L:$L) -> 340 | BG8: =SUMIF(WMS용마재고!$A:$A,"S300-04.75", WMS용마재고!$L:$L) -> 360 | BH8: =SUMIF(WMS용마재고!$A:$A,"S300-05.00", WMS용마재고!$L:$L) -> 340 | BI8: =SUMIF(WMS용마재고!$A:$A,"S300-05.25", WMS용마재고!$L:$L) -> 0 | BJ8: =SUMIF(WMS용마재고!$A:$A,"S300-05.50", WMS용마재고!$L:$L) -> 380 | BK8: =SUMIF(WMS용마재고!$A:$A,"S300-05.75", WMS용마재고!$L:$L) -> 0 | BL8: =SUMIF(WMS용마재고!$A:$A,"S300-06.00", WMS용마재고!$L:$L) -> 340 | BM8: =SUMIF(WMS용마재고!$A:$A,"S300-06.50", WMS용마재고!$L:$L) -> 320 | BN8: =SUMIF(WMS용마재고!$A:$A,"S300-07.00", WMS용마재고!$L:$L) -> 155 | BO8: =SUMIF(WMS용마재고!$A:$A,"S300-07.50", WMS용마재고!$L:$L) -> 320 | BP8: =SUMIF(WMS용마재고!$A:$A,"S300-08.00", WMS용마재고!$L:$L) -> 281 | BQ8: =SUMIF(WMS용마재고!$A:$A,"S300-08.50", WMS용마재고!$L:$L) -> 0 | BR8: =SUMIF(WMS용마재고!$A:$A,"S300-09.00", WMS용마재고!$L:$L) -> 0 | BS8: =SUMIF(WMS용마재고!$A:$A,"S300-09.50", WMS용마재고!$L:$L) -> 0 | BT8: =SUMIF(WMS용마재고!$A:$A,"S300-10.00", WMS용마재고!$L:$L) -> 0 | BU8: =SUMIF(WMS용마재고!$A:$A,"s123-10.50", WMS용마재고!$L:$L) -> 0 | BV8: =SUMIF(WMS용마재고!$A:$A,"s123-10.50", WMS용마재고!$L:$L) -> 0 | BW8: =SUMIF(WMS용마재고!$A:$A,"s123-10.50", WMS용마재고!$L:$L) -> 0 | BX8: =SUMIF(WMS용마재고!$A:$A,"s123-10.50", WMS용마재고!$L:$L) -> 0 | BY8: 646 | BZ8: 0 | CA8: 0 | CB8: 420 | CC8: 340 | CD8: 498 | CE8: 470 | CF8: 340 | CG8: 491 | CH8: 379 | CI8: 360 | CJ8: 357 | CK8: 340 | CL8: 340 | CM8: 340 | CN8: 340 | CO8: 340 | CP8: 340 | CQ8: 360 | CR8: 340 | CS8: 0 | CT8: 380 | CU8: 0 | CV8: 340 | CW8: 320 | CX8: 155 | CY8: 320 | CZ8: 281 | DA8: 0 | DB8: 0 | DC8: 0 | DD8: 0 | DE8: 0 | DF8: 0 | DG8: 0 | DH8: 0 | DI8: =IF(AND(BY8<30, AO8>=30), "증가", "") | DJ8: =IF(AND(BZ8<30, AP8>=30), "증가", "") | DK8: =IF(AND(CA8<30, AQ8>=30), "증가", "") | DL8: =IF(AND(CB8<30, AR8>=30), "증가", "") | DM8: =IF(AND(CC8<30, AS8>=30), "증가", "") | DN8: =IF(AND(CD8<30, AT8>=30), "증가", "") | DO8: =IF(AND(CE8<30, AU8>=30), "증가", "") | DP8: =IF(AND(CF8<30, AV8>=30), "증가", "") | ... ER8: =IF(AND(DH8<30, BX8>=30), "증가", "") | ES8: =IF(AND(AO8<30, BY8>=30), "경고", "") | ET8: =IF(AND(AP8<30, BZ8>=30), "경고", "") | EU8: =IF(AND(AQ8<30, CA8>=30), "경고", "") | EV8: =IF(AND(AR8<30, CB8>=30), "경고", "") | EW8: =IF(AND(AS8<30, CC8>=30), "경고", "") | EX8: =IF(AND(AT8<30, CD8>=30), "경고", "") | EY8: =IF(AND(AU8<30, CE8>=30), "경고", "") | EZ8: =IF(AND(AV8<30, CF8>=30), "경고", "") | ... GB8: =IF(AND(BX8<30, DH8>=30), "경고", "")
A9: 6 | B9: 미셀리아 Lake Gray 10P | C9: =SUMIF(WMS용마재고!$A:$A,"S308-00.00", WMS용마재고!$L:$L) -> 420 | F9: =SUMIF(WMS용마재고!$A:$A,"S308-01.00", WMS용마재고!$L:$L) -> 340 | G9: =SUMIF(WMS용마재고!$A:$A,"S308-01.25", WMS용마재고!$L:$L) -> 300 | H9: =SUMIF(WMS용마재고!$A:$A,"S308-01.50", WMS용마재고!$L:$L) -> 320 | I9: =SUMIF(WMS용마재고!$A:$A,"S308-01.75", WMS용마재고!$L:$L) -> 360 | J9: =SUMIF(WMS용마재고!$A:$A,"S308-02.00", WMS용마재고!$L:$L) -> 320 | K9: =SUMIF(WMS용마재고!$A:$A,"S308-02.25", WMS용마재고!$L:$L) -> 320 | L9: =SUMIF(WMS용마재고!$A:$A,"S308-02.50", WMS용마재고!$L:$L) -> 360 | M9: =SUMIF(WMS용마재고!$A:$A,"S308-02.75", WMS용마재고!$L:$L) -> 360 | N9: =SUMIF(WMS용마재고!$A:$A,"S308-03.00", WMS용마재고!$L:$L) -> 360 | O9: =SUMIF(WMS용마재고!$A:$A,"S308-03.25", WMS용마재고!$L:$L) -> 380 | P9: =SUMIF(WMS용마재고!$A:$A,"S308-03.50", WMS용마재고!$L:$L) -> 300 | Q9: =SUMIF(WMS용마재고!$A:$A,"S308-03.75", WMS용마재고!$L:$L) -> 340 | R9: =SUMIF(WMS용마재고!$A:$A,"S308-04.00", WMS용마재고!$L:$L) -> 360 | S9: =SUMIF(WMS용마재고!$A:$A,"S308-04.25", WMS용마재고!$L:$L) -> 300 | T9: =SUMIF(WMS용마재고!$A:$A,"S308-04.50", WMS용마재고!$L:$L) -> 360 | U9: =SUMIF(WMS용마재고!$A:$A,"S308-04.75", WMS용마재고!$L:$L) -> 320 | V9: =SUMIF(WMS용마재고!$A:$A,"S308-05.00", WMS용마재고!$L:$L) -> 300 | X9: =SUMIF(WMS용마재고!$A:$A,"S308-05.50", WMS용마재고!$L:$L) -> 380 | Z9: =SUMIF(WMS용마재고!$A:$A,"S308-06.00", WMS용마재고!$L:$L) -> 400 | AA9: =SUMIF(WMS용마재고!$A:$A,"S308-06.50", WMS용마재고!$L:$L) -> 300 | AB9: =SUMIF(WMS용마재고!$A:$A,"S308-07.00", WMS용마재고!$L:$L) -> 320 | AC9: =SUMIF(WMS용마재고!$A:$A,"S308-07.50", WMS용마재고!$L:$L) -> 300 | AD9: =SUMIF(WMS용마재고!$A:$A,"S308-08.00", WMS용마재고!$L:$L) -> 300 | AN9: O2O2 D_Ash Brown EX | AO9: =SUMIF(WMS용마재고!$A:$A,"S308-00.00", WMS용마재고!$L:$L) -> 420 | AP9: =SUMIF(WMS용마재고!$A:$A,"S308-00.50", WMS용마재고!$L:$L) -> 0 | AQ9: =SUMIF(WMS용마재고!$A:$A,"S308-00.75", WMS용마재고!$L:$L) -> 0 | AR9: =SUMIF(WMS용마재고!$A:$A,"S308-01.00", WMS용마재고!$L:$L) -> 340 | AS9: =SUMIF(WMS용마재고!$A:$A,"S308-01.25", WMS용마재고!$L:$L) -> 300 | AT9: =SUMIF(WMS용마재고!$A:$A,"S308-01.50", WMS용마재고!$L:$L) -> 320 | AU9: =SUMIF(WMS용마재고!$A:$A,"S308-01.75", WMS용마재고!$L:$L) -> 360 | AV9: =SUMIF(WMS용마재고!$A:$A,"S308-02.00", WMS용마재고!$L:$L) -> 320 | AW9: =SUMIF(WMS용마재고!$A:$A,"S308-02.25", WMS용마재고!$L:$L) -> 320 | AX9: =SUMIF(WMS용마재고!$A:$A,"S308-02.50", WMS용마재고!$L:$L) -> 360 | AY9: =SUMIF(WMS용마재고!$A:$A,"S308-02.75", WMS용마재고!$L:$L) -> 360 | AZ9: =SUMIF(WMS용마재고!$A:$A,"S308-03.00", WMS용마재고!$L:$L) -> 360 | BA9: =SUMIF(WMS용마재고!$A:$A,"S308-03.25", WMS용마재고!$L:$L) -> 380 | BB9: =SUMIF(WMS용마재고!$A:$A,"S308-03.50", WMS용마재고!$L:$L) -> 300 | BC9: =SUMIF(WMS용마재고!$A:$A,"S308-03.75", WMS용마재고!$L:$L) -> 340 | BD9: =SUMIF(WMS용마재고!$A:$A,"S308-04.00", WMS용마재고!$L:$L) -> 360 | BE9: =SUMIF(WMS용마재고!$A:$A,"S308-04.25", WMS용마재고!$L:$L) -> 300 | BF9: =SUMIF(WMS용마재고!$A:$A,"S308-04.50", WMS용마재고!$L:$L) -> 360 | BG9: =SUMIF(WMS용마재고!$A:$A,"S308-04.75", WMS용마재고!$L:$L) -> 320 | BH9: =SUMIF(WMS용마재고!$A:$A,"S308-05.00", WMS용마재고!$L:$L) -> 300 | BI9: =SUMIF(WMS용마재고!$A:$A,"S308-05.25", WMS용마재고!$L:$L) -> 0 | BJ9: =SUMIF(WMS용마재고!$A:$A,"S308-05.50", WMS용마재고!$L:$L) -> 380 | BK9: =SUMIF(WMS용마재고!$A:$A,"S308-05.75", WMS용마재고!$L:$L) -> 0 | BL9: =SUMIF(WMS용마재고!$A:$A,"S308-06.00", WMS용마재고!$L:$L) -> 400 | BM9: =SUMIF(WMS용마재고!$A:$A,"S308-06.50", WMS용마재고!$L:$L) -> 300 | BN9: =SUMIF(WMS용마재고!$A:$A,"S308-07.00", WMS용마재고!$L:$L) -> 320 | BO9: =SUMIF(WMS용마재고!$A:$A,"S308-07.50", WMS용마재고!$L:$L) -> 300 | BP9: =SUMIF(WMS용마재고!$A:$A,"S308-08.00", WMS용마재고!$L:$L) -> 300 | BQ9: =SUMIF(WMS용마재고!$A:$A,"S308-08.50", WMS용마재고!$L:$L) -> 0 | BR9: =SUMIF(WMS용마재고!$A:$A,"S308-09.00", WMS용마재고!$L:$L) -> 0 | BS9: =SUMIF(WMS용마재고!$A:$A,"S308-09.50", WMS용마재고!$L:$L) -> 0 | BT9: =SUMIF(WMS용마재고!$A:$A,"S308-10.00", WMS용마재고!$L:$L) -> 0 | BV9: =SUMIF(WMS용마재고!$A:$A,"S308-10.50", WMS용마재고!$L:$L) -> 0 | BW9: =SUMIF(WMS용마재고!$A:$A,"S308-10.50", WMS용마재고!$L:$L) -> 0 | BX9: =SUMIF(WMS용마재고!$A:$A,"S308-10.50", WMS용마재고!$L:$L) -> 0 | BY9: 420 | BZ9: 0 | CA9: 0 | CB9: 340 | CC9: 300 | CD9: 320 | CE9: 360 | CF9: 320 | CG9: 320 | CH9: 360 | CI9: 360 | CJ9: 360 | CK9: 380 | CL9: 300 | CM9: 340 | CN9: 360 | CO9: 300 | CP9: 360 | CQ9: 320 | CR9: 300 | CS9: 0 | CT9: 380 | CU9: 0 | CV9: 400 | CW9: 300 | CX9: 320 | CY9: 300 | CZ9: 300 | DA9: 0 | DB9: 0 | DC9: 0 | DD9: 0 | DF9: 0 | DG9: 0 | DH9: 0 | DI9: =IF(AND(BY9<30, AO9>=30), "증가", "") | DJ9: =IF(AND(BZ9<30, AP9>=30), "증가", "") | DK9: =IF(AND(CA9<30, AQ9>=30), "증가", "") | DL9: =IF(AND(CB9<30, AR9>=30), "증가", "") | DM9: =IF(AND(CC9<30, AS9>=30), "증가", "") | DN9: =IF(AND(CD9<30, AT9>=30), "증가", "") | DO9: =IF(AND(CE9<30, AU9>=30), "증가", "") | DP9: =IF(AND(CF9<30, AV9>=30), "증가", "") | ... ER9: =IF(AND(DH9<30, BX9>=30), "증가", "") | ES9: =IF(AND(AO9<30, BY9>=30), "경고", "") | ET9: =IF(AND(AP9<30, BZ9>=30), "경고", "") | EU9: =IF(AND(AQ9<30, CA9>=30), "경고", "") | EV9: =IF(AND(AR9<30, CB9>=30), "경고", "") | EW9: =IF(AND(AS9<30, CC9>=30), "경고", "") | EX9: =IF(AND(AT9<30, CD9>=30), "경고", "") | EY9: =IF(AND(AU9<30, CE9>=30), "경고", "") | EZ9: =IF(AND(AV9<30, CF9>=30), "경고", "") | ... GB9: =IF(AND(BX9<30, DH9>=30), "경고", "")
A10: 7 | B10: 미셀리아 Mute Brown 10P | C10: =SUMIF(WMS용마재고!$A:$A,"S309-00.00", WMS용마재고!$L:$L) -> 478 | F10: =SUMIF(WMS용마재고!$A:$A,"S309-01.00", WMS용마재고!$L:$L) -> 537 | G10: =SUMIF(WMS용마재고!$A:$A,"S309-01.25", WMS용마재고!$L:$L) -> 437 | H10: =SUMIF(WMS용마재고!$A:$A,"S309-01.50", WMS용마재고!$L:$L) -> 481 | I10: =SUMIF(WMS용마재고!$A:$A,"S309-01.75", WMS용마재고!$L:$L) -> 350 | J10: =SUMIF(WMS용마재고!$A:$A,"S309-02.00", WMS용마재고!$L:$L) -> 481 | K10: =SUMIF(WMS용마재고!$A:$A,"S309-02.25", WMS용마재고!$L:$L) -> 558 | L10: =SUMIF(WMS용마재고!$A:$A,"S309-02.50", WMS용마재고!$L:$L) -> 580 | M10: =SUMIF(WMS용마재고!$A:$A,"S309-02.75", WMS용마재고!$L:$L) -> 138 | N10: =SUMIF(WMS용마재고!$A:$A,"S309-03.00", WMS용마재고!$L:$L) -> 443 | O10: =SUMIF(WMS용마재고!$A:$A,"S309-03.25", WMS용마재고!$L:$L) -> 441 | P10: =SUMIF(WMS용마재고!$A:$A,"S309-03.50", WMS용마재고!$L:$L) -> 359 | Q10: =SUMIF(WMS용마재고!$A:$A,"S309-03.75", WMS용마재고!$L:$L) -> 382 | R10: =SUMIF(WMS용마재고!$A:$A,"S309-04.00", WMS용마재고!$L:$L) -> 509 | S10: =SUMIF(WMS용마재고!$A:$A,"S309-04.25", WMS용마재고!$L:$L) -> 0 | T10: =SUMIF(WMS용마재고!$A:$A,"S309-04.50", WMS용마재고!$L:$L) -> 387 | U10: =SUMIF(WMS용마재고!$A:$A,"S309-04.75", WMS용마재고!$L:$L) -> 380 | V10: =SUMIF(WMS용마재고!$A:$A,"S309-05.00", WMS용마재고!$L:$L) -> 496 | X10: =SUMIF(WMS용마재고!$A:$A,"S309-05.50", WMS용마재고!$L:$L) -> 475 | Z10: =SUMIF(WMS용마재고!$A:$A,"S309-06.00", WMS용마재고!$L:$L) -> 465 | AA10: =SUMIF(WMS용마재고!$A:$A,"S309-06.50", WMS용마재고!$L:$L) -> 380 | AB10: =SUMIF(WMS용마재고!$A:$A,"S309-07.00", WMS용마재고!$L:$L) -> 320 | AC10: =SUMIF(WMS용마재고!$A:$A,"S309-07.50", WMS용마재고!$L:$L) -> 0 | AD10: =SUMIF(WMS용마재고!$A:$A,"S309-08.00", WMS용마재고!$L:$L) -> 0 | AN10: O2O2 D_Ash Gray EX | AO10: =SUMIF(WMS용마재고!$A:$A,"S309-00.00", WMS용마재고!$L:$L) -> 478 | AP10: =SUMIF(WMS용마재고!$A:$A,"S309-00.50", WMS용마재고!$L:$L) -> 0 | AQ10: =SUMIF(WMS용마재고!$A:$A,"S309-00.75", WMS용마재고!$L:$L) -> 0 | AR10: =SUMIF(WMS용마재고!$A:$A,"S309-01.00", WMS용마재고!$L:$L) -> 537 | AS10: =SUMIF(WMS용마재고!$A:$A,"S309-01.25", WMS용마재고!$L:$L) -> 437 | AT10: =SUMIF(WMS용마재고!$A:$A,"S309-01.50", WMS용마재고!$L:$L) -> 481 | AU10: =SUMIF(WMS용마재고!$A:$A,"S309-01.75", WMS용마재고!$L:$L) -> 350 | AV10: =SUMIF(WMS용마재고!$A:$A,"S309-02.00", WMS용마재고!$L:$L) -> 481 | AW10: =SUMIF(WMS용마재고!$A:$A,"S309-02.25", WMS용마재고!$L:$L) -> 558 | AX10: =SUMIF(WMS용마재고!$A:$A,"S309-02.50", WMS용마재고!$L:$L) -> 580 | AY10: =SUMIF(WMS용마재고!$A:$A,"S309-02.75", WMS용마재고!$L:$L) -> 138 | AZ10: =SUMIF(WMS용마재고!$A:$A,"S309-03.00", WMS용마재고!$L:$L) -> 443 | BA10: =SUMIF(WMS용마재고!$A:$A,"S309-03.25", WMS용마재고!$L:$L) -> 441 | BB10: =SUMIF(WMS용마재고!$A:$A,"S309-03.50", WMS용마재고!$L:$L) -> 359 | BC10: =SUMIF(WMS용마재고!$A:$A,"S309-03.75", WMS용마재고!$L:$L) -> 382 | BD10: =SUMIF(WMS용마재고!$A:$A,"S309-04.00", WMS용마재고!$L:$L) -> 509 | BE10: =SUMIF(WMS용마재고!$A:$A,"S309-04.25", WMS용마재고!$L:$L) -> 0 | BF10: =SUMIF(WMS용마재고!$A:$A,"S309-04.50", WMS용마재고!$L:$L) -> 387 | BG10: =SUMIF(WMS용마재고!$A:$A,"S309-04.75", WMS용마재고!$L:$L) -> 380 | BH10: =SUMIF(WMS용마재고!$A:$A,"S309-05.00", WMS용마재고!$L:$L) -> 496 | BI10: =SUMIF(WMS용마재고!$A:$A,"S309-05.25", WMS용마재고!$L:$L) -> 0 | BJ10: =SUMIF(WMS용마재고!$A:$A,"S309-05.50", WMS용마재고!$L:$L) -> 475 | BK10: =SUMIF(WMS용마재고!$A:$A,"S309-05.75", WMS용마재고!$L:$L) -> 0 | BL10: =SUMIF(WMS용마재고!$A:$A,"S309-06.00", WMS용마재고!$L:$L) -> 465 | BM10: =SUMIF(WMS용마재고!$A:$A,"S309-06.50", WMS용마재고!$L:$L) -> 380 | BN10: =SUMIF(WMS용마재고!$A:$A,"S309-07.00", WMS용마재고!$L:$L) -> 320 | BO10: =SUMIF(WMS용마재고!$A:$A,"S309-07.50", WMS용마재고!$L:$L) -> 0 | BP10: =SUMIF(WMS용마재고!$A:$A,"S309-08.00", WMS용마재고!$L:$L) -> 0 | BQ10: =SUMIF(WMS용마재고!$A:$A,"S309-08.50", WMS용마재고!$L:$L) -> 0 | BR10: =SUMIF(WMS용마재고!$A:$A,"S309-09.00", WMS용마재고!$L:$L) -> 0 | BS10: =SUMIF(WMS용마재고!$A:$A,"S309-09.50", WMS용마재고!$L:$L) -> 0 | BT10: =SUMIF(WMS용마재고!$A:$A,"S309-10.00", WMS용마재고!$L:$L) -> 0 | BU10: =SUMIF(WMS용마재고!$A:$A,"S617-10.50", WMS용마재고!$L:$L) -> 0 | BV10: =SUMIF(WMS용마재고!$A:$A,"S617-10.50", WMS용마재고!$L:$L) -> 0 | BW10: =SUMIF(WMS용마재고!$A:$A,"S617-10.50", WMS용마재고!$L:$L) -> 0 | BX10: =SUMIF(WMS용마재고!$A:$A,"S617-10.50", WMS용마재고!$L:$L) -> 0 | BY10: 478 | BZ10: 0 | CA10: 0 | CB10: 537 | CC10: 437 | CD10: 481 | CE10: 350 | CF10: 481 | CG10: 558 | CH10: 580 | CI10: 138 | CJ10: 443 | CK10: 441 | CL10: 359 | CM10: 382 | CN10: 509 | CO10: 0 | CP10: 387 | CQ10: 380 | CR10: 496 | CS10: 0 | CT10: 475 | CU10: 0 | CV10: 465 | CW10: 380 | CX10: 320 | CY10: 0 | CZ10: 0 | DA10: 0 | DB10: 0 | DC10: 0 | DD10: 0 | DE10: 0 | DF10: 0 | DG10: 0 | DH10: 0 | DI10: =IF(AND(BY10<30, AO10>=30), "증가", "") | DJ10: =IF(AND(BZ10<30, AP10>=30), "증가", "") | DK10: =IF(AND(CA10<30, AQ10>=30), "증가", "") | DL10: =IF(AND(CB10<30, AR10>=30), "증가", "") | DM10: =IF(AND(CC10<30, AS10>=30), "증가", "") | DN10: =IF(AND(CD10<30, AT10>=30), "증가", "") | DO10: =IF(AND(CE10<30, AU10>=30), "증가", "") | DP10: =IF(AND(CF10<30, AV10>=30), "증가", "") | ... ER10: =IF(AND(DH10<30, BX10>=30), "증가", "") | ES10: =IF(AND(AO10<30, BY10>=30), "경고", "") | ET10: =IF(AND(AP10<30, BZ10>=30), "경고", "") | EU10: =IF(AND(AQ10<30, CA10>=30), "경고", "") | EV10: =IF(AND(AR10<30, CB10>=30), "경고", "") | EW10: =IF(AND(AS10<30, CC10>=30), "경고", "") | EX10: =IF(AND(AT10<30, CD10>=30), "경고", "") | EY10: =IF(AND(AU10<30, CE10>=30), "경고", "") | EZ10: =IF(AND(AV10<30, CF10>=30), "경고", "") | ... GB10: =IF(AND(BX10<30, DH10>=30), "경고", "")
A11: 8 | B11: 미셀리아 Pale Choco 10P | C11: =SUMIF(WMS용마재고!$A:$A,"S310-00.00", WMS용마재고!$L:$L) -> 351 | F11: =SUMIF(WMS용마재고!$A:$A,"S310-01.00", WMS용마재고!$L:$L) -> 223 | G11: =SUMIF(WMS용마재고!$A:$A,"S310-01.25", WMS용마재고!$L:$L) -> 240 | H11: =SUMIF(WMS용마재고!$A:$A,"S310-01.50", WMS용마재고!$L:$L) -> 257 | I11: =SUMIF(WMS용마재고!$A:$A,"S310-01.75", WMS용마재고!$L:$L) -> 320 | J11: =SUMIF(WMS용마재고!$A:$A,"S310-02.00", WMS용마재고!$L:$L) -> 410 | K11: =SUMIF(WMS용마재고!$A:$A,"S310-02.25", WMS용마재고!$L:$L) -> 197 | L11: =SUMIF(WMS용마재고!$A:$A,"S310-02.50", WMS용마재고!$L:$L) -> 284 | M11: =SUMIF(WMS용마재고!$A:$A,"S310-02.75", WMS용마재고!$L:$L) -> 288 | N11: =SUMIF(WMS용마재고!$A:$A,"S310-03.00", WMS용마재고!$L:$L) -> 260 | O11: =SUMIF(WMS용마재고!$A:$A,"S310-03.25", WMS용마재고!$L:$L) -> 269 | P11: =SUMIF(WMS용마재고!$A:$A,"S310-03.50", WMS용마재고!$L:$L) -> 262 | Q11: =SUMIF(WMS용마재고!$A:$A,"S310-03.75", WMS용마재고!$L:$L) -> 164 | R11: =SUMIF(WMS용마재고!$A:$A,"S310-04.00", WMS용마재고!$L:$L) -> 207 | S11: =SUMIF(WMS용마재고!$A:$A,"S310-04.25", WMS용마재고!$L:$L) -> 177 | T11: =SUMIF(WMS용마재고!$A:$A,"S310-04.50", WMS용마재고!$L:$L) -> 173 | U11: =SUMIF(WMS용마재고!$A:$A,"S310-04.75", WMS용마재고!$L:$L) -> 247 | V11: =SUMIF(WMS용마재고!$A:$A,"S310-05.00", WMS용마재고!$L:$L) -> 187 | X11: =SUMIF(WMS용마재고!$A:$A,"S310-05.50", WMS용마재고!$L:$L) -> 209 | Z11: =SUMIF(WMS용마재고!$A:$A,"S310-06.00", WMS용마재고!$L:$L) -> 218 | AA11: =SUMIF(WMS용마재고!$A:$A,"S310-06.50", WMS용마재고!$L:$L) -> 187 | AB11: =SUMIF(WMS용마재고!$A:$A,"S310-07.00", WMS용마재고!$L:$L) -> 166 | AC11: =SUMIF(WMS용마재고!$A:$A,"S310-07.50", WMS용마재고!$L:$L) -> 233 | AD11: =SUMIF(WMS용마재고!$A:$A,"S310-08.00", WMS용마재고!$L:$L) -> 236 | AN11: O2O2 D_Ash Gray EX | AO11: =SUMIF(WMS용마재고!$A:$A,"S310-00.00", WMS용마재고!$L:$L) -> 351 | AP11: =SUMIF(WMS용마재고!$A:$A,"S310-00.50", WMS용마재고!$L:$L) -> 0 | AQ11: =SUMIF(WMS용마재고!$A:$A,"S310-00.75", WMS용마재고!$L:$L) -> 0 | AR11: =SUMIF(WMS용마재고!$A:$A,"S310-01.00", WMS용마재고!$L:$L) -> 223 | AS11: =SUMIF(WMS용마재고!$A:$A,"S310-01.25", WMS용마재고!$L:$L) -> 240 | AT11: =SUMIF(WMS용마재고!$A:$A,"S310-01.50", WMS용마재고!$L:$L) -> 257 | AU11: =SUMIF(WMS용마재고!$A:$A,"S310-01.75", WMS용마재고!$L:$L) -> 320 | AV11: =SUMIF(WMS용마재고!$A:$A,"S310-02.00", WMS용마재고!$L:$L) -> 410 | AW11: =SUMIF(WMS용마재고!$A:$A,"S310-02.25", WMS용마재고!$L:$L) -> 197 | AX11: =SUMIF(WMS용마재고!$A:$A,"S310-02.50", WMS용마재고!$L:$L) -> 284 | AY11: =SUMIF(WMS용마재고!$A:$A,"S310-02.75", WMS용마재고!$L:$L) -> 288 | AZ11: =SUMIF(WMS용마재고!$A:$A,"S310-03.00", WMS용마재고!$L:$L) -> 260 | BA11: =SUMIF(WMS용마재고!$A:$A,"S310-03.25", WMS용마재고!$L:$L) -> 269 | BB11: =SUMIF(WMS용마재고!$A:$A,"S310-03.50", WMS용마재고!$L:$L) -> 262 | BC11: =SUMIF(WMS용마재고!$A:$A,"S310-03.75", WMS용마재고!$L:$L) -> 164 | BD11: =SUMIF(WMS용마재고!$A:$A,"S310-04.00", WMS용마재고!$L:$L) -> 207 | BE11: =SUMIF(WMS용마재고!$A:$A,"S310-04.25", WMS용마재고!$L:$L) -> 177 | BF11: =SUMIF(WMS용마재고!$A:$A,"S310-04.50", WMS용마재고!$L:$L) -> 173 | BG11: =SUMIF(WMS용마재고!$A:$A,"S310-04.75", WMS용마재고!$L:$L) -> 247 | BH11: =SUMIF(WMS용마재고!$A:$A,"S310-05.00", WMS용마재고!$L:$L) -> 187 | BI11: =SUMIF(WMS용마재고!$A:$A,"S310-05.25", WMS용마재고!$L:$L) -> 0 | BJ11: =SUMIF(WMS용마재고!$A:$A,"S310-05.50", WMS용마재고!$L:$L) -> 209 | BK11: =SUMIF(WMS용마재고!$A:$A,"S310-05.75", WMS용마재고!$L:$L) -> 0 | BL11: =SUMIF(WMS용마재고!$A:$A,"S310-06.00", WMS용마재고!$L:$L) -> 218 | BM11: =SUMIF(WMS용마재고!$A:$A,"S310-06.50", WMS용마재고!$L:$L) -> 187 | BN11: =SUMIF(WMS용마재고!$A:$A,"S310-07.00", WMS용마재고!$L:$L) -> 166 | BO11: =SUMIF(WMS용마재고!$A:$A,"S310-07.50", WMS용마재고!$L:$L) -> 233 | BP11: =SUMIF(WMS용마재고!$A:$A,"S310-08.00", WMS용마재고!$L:$L) -> 236 | BQ11: =SUMIF(WMS용마재고!$A:$A,"S310-08.50", WMS용마재고!$L:$L) -> 0 | BR11: =SUMIF(WMS용마재고!$A:$A,"S310-09.00", WMS용마재고!$L:$L) -> 0 | BS11: =SUMIF(WMS용마재고!$A:$A,"S310-09.50", WMS용마재고!$L:$L) -> 0 | BT11: =SUMIF(WMS용마재고!$A:$A,"S310-10.00", WMS용마재고!$L:$L) -> 0 | BU11: =SUMIF(WMS용마재고!$A:$A,"S617-10.50", WMS용마재고!$L:$L) -> 0 | BV11: =SUMIF(WMS용마재고!$A:$A,"S617-10.50", WMS용마재고!$L:$L) -> 0 | BW11: =SUMIF(WMS용마재고!$A:$A,"S617-10.50", WMS용마재고!$L:$L) -> 0 | BX11: =SUMIF(WMS용마재고!$A:$A,"S617-10.50", WMS용마재고!$L:$L) -> 0 | BY11: 351 | BZ11: 0 | CA11: 0 | CB11: 223 | CC11: 240 | CD11: 257 | CE11: 320 | CF11: 410 | CG11: 197 | CH11: 284 | CI11: 288 | CJ11: 260 | CK11: 269 | CL11: 262 | CM11: 164 | CN11: 207 | CO11: 177 | CP11: 173 | CQ11: 247 | CR11: 187 | CS11: 0 | CT11: 209 | CU11: 0 | CV11: 218 | CW11: 187 | CX11: 166 | CY11: 233 | CZ11: 236 | DA11: 0 | DB11: 0 | DC11: 0 | DD11: 0 | DE11: 0 | DF11: 0 | DG11: 0 | DH11: 0 | DI11: =IF(AND(BY11<30, AO11>=30), "증가", "") | DJ11: =IF(AND(BZ11<30, AP11>=30), "증가", "") | DK11: =IF(AND(CA11<30, AQ11>=30), "증가", "") | DL11: =IF(AND(CB11<30, AR11>=30), "증가", "") | DM11: =IF(AND(CC11<30, AS11>=30), "증가", "") | DN11: =IF(AND(CD11<30, AT11>=30), "증가", "") | DO11: =IF(AND(CE11<30, AU11>=30), "증가", "") | DP11: =IF(AND(CF11<30, AV11>=30), "증가", "") | ... ER11: =IF(AND(DH11<30, BX11>=30), "증가", "") | ES11: =IF(AND(AO11<30, BY11>=30), "경고", "") | ET11: =IF(AND(AP11<30, BZ11>=30), "경고", "") | EU11: =IF(AND(AQ11<30, CA11>=30), "경고", "") | EV11: =IF(AND(AR11<30, CB11>=30), "경고", "") | EW11: =IF(AND(AS11<30, CC11>=30), "경고", "") | EX11: =IF(AND(AT11<30, CD11>=30), "경고", "") | EY11: =IF(AND(AU11<30, CE11>=30), "경고", "") | EZ11: =IF(AND(AV11<30, CF11>=30), "경고", "") | ... GB11: =IF(AND(BX11<30, DH11>=30), "경고", "")
A12: * 미셀리아 2P
A13: 9 | B13: 미셀리아 Deep Black 2P | C13: =SUMIF(WMS용마재고!$A:$A,"S318-00.00", WMS용마재고!$L:$L) -> 200 | F13: =SUMIF(WMS용마재고!$A:$A,"S318-01.00", WMS용마재고!$L:$L) -> 130 | G13: =SUMIF(WMS용마재고!$A:$A,"S318-01.25", WMS용마재고!$L:$L) -> 130 | H13: =SUMIF(WMS용마재고!$A:$A,"S318-01.50", WMS용마재고!$L:$L) -> 130 | I13: =SUMIF(WMS용마재고!$A:$A,"S318-01.75", WMS용마재고!$L:$L) -> 130 | J13: =SUMIF(WMS용마재고!$A:$A,"S318-02.00", WMS용마재고!$L:$L) -> 130 | K13: =SUMIF(WMS용마재고!$A:$A,"S318-02.25", WMS용마재고!$L:$L) -> 130 | L13: =SUMIF(WMS용마재고!$A:$A,"S318-02.50", WMS용마재고!$L:$L) -> 130 | M13: =SUMIF(WMS용마재고!$A:$A,"S318-02.75", WMS용마재고!$L:$L) -> 130 | N13: =SUMIF(WMS용마재고!$A:$A,"S318-03.00", WMS용마재고!$L:$L) -> 130 | O13: =SUMIF(WMS용마재고!$A:$A,"S318-03.25", WMS용마재고!$L:$L) -> 130 | P13: =SUMIF(WMS용마재고!$A:$A,"S318-03.50", WMS용마재고!$L:$L) -> 0 | Q13: =SUMIF(WMS용마재고!$A:$A,"S318-03.75", WMS용마재고!$L:$L) -> 130 | R13: =SUMIF(WMS용마재고!$A:$A,"S318-04.00", WMS용마재고!$L:$L) -> 130 | S13: =SUMIF(WMS용마재고!$A:$A,"S318-04.25", WMS용마재고!$L:$L) -> 130 | T13: =SUMIF(WMS용마재고!$A:$A,"S318-04.50", WMS용마재고!$L:$L) -> 130 | U13: =SUMIF(WMS용마재고!$A:$A,"S318-04.75", WMS용마재고!$L:$L) -> 130 | V13: =SUMIF(WMS용마재고!$A:$A,"S318-05.00", WMS용마재고!$L:$L) -> 130 | X13: =SUMIF(WMS용마재고!$A:$A,"S318-05.50", WMS용마재고!$L:$L) -> 130 | Z13: =SUMIF(WMS용마재고!$A:$A,"S318-06.00", WMS용마재고!$L:$L) -> 130 | AA13: =SUMIF(WMS용마재고!$A:$A,"S318-06.50", WMS용마재고!$L:$L) -> 130 | AB13: =SUMIF(WMS용마재고!$A:$A,"S318-07.00", WMS용마재고!$L:$L) -> 130 | AC13: =SUMIF(WMS용마재고!$A:$A,"S318-07.50", WMS용마재고!$L:$L) -> 130 | AD13: =SUMIF(WMS용마재고!$A:$A,"S318-08.00", WMS용마재고!$L:$L) -> 130 | AN13: O2O2 D_Sepia Choco | AO13: =SUMIF(WMS용마재고!$A:$A,"S318-00.00", WMS용마재고!$L:$L) -> 200 | AP13: =SUMIF(WMS용마재고!$A:$A,"S318-00.50", WMS용마재고!$L:$L) -> 0 | AQ13: =SUMIF(WMS용마재고!$A:$A,"S318-00.75", WMS용마재고!$L:$L) -> 0 | AR13: =SUMIF(WMS용마재고!$A:$A,"S318-01.00", WMS용마재고!$L:$L) -> 130 | AS13: =SUMIF(WMS용마재고!$A:$A,"S318-01.25", WMS용마재고!$L:$L) -> 130 | AT13: =SUMIF(WMS용마재고!$A:$A,"S318-01.50", WMS용마재고!$L:$L) -> 130 | AU13: =SUMIF(WMS용마재고!$A:$A,"S318-01.75", WMS용마재고!$L:$L) -> 130 | AV13: =SUMIF(WMS용마재고!$A:$A,"S318-02.00", WMS용마재고!$L:$L) -> 130 | AW13: =SUMIF(WMS용마재고!$A:$A,"S318-02.25", WMS용마재고!$L:$L) -> 130 | AX13: =SUMIF(WMS용마재고!$A:$A,"S318-02.50", WMS용마재고!$L:$L) -> 130 | AY13: =SUMIF(WMS용마재고!$A:$A,"S318-02.75", WMS용마재고!$L:$L) -> 130 | AZ13: =SUMIF(WMS용마재고!$A:$A,"S318-03.00", WMS용마재고!$L:$L) -> 130 | BA13: =SUMIF(WMS용마재고!$A:$A,"S318-03.25", WMS용마재고!$L:$L) -> 130 | BB13: =SUMIF(WMS용마재고!$A:$A,"S318-03.50", WMS용마재고!$L:$L) -> 0 | BC13: =SUMIF(WMS용마재고!$A:$A,"S318-03.75", WMS용마재고!$L:$L) -> 130 | BD13: =SUMIF(WMS용마재고!$A:$A,"S318-04.00", WMS용마재고!$L:$L) -> 130 | BE13: =SUMIF(WMS용마재고!$A:$A,"S318-04.25", WMS용마재고!$L:$L) -> 130 | BF13: =SUMIF(WMS용마재고!$A:$A,"S318-04.50", WMS용마재고!$L:$L) -> 130 | BG13: =SUMIF(WMS용마재고!$A:$A,"S318-04.75", WMS용마재고!$L:$L) -> 130 | BH13: =SUMIF(WMS용마재고!$A:$A,"S318-05.00", WMS용마재고!$L:$L) -> 130 | BI13: =SUMIF(WMS용마재고!$A:$A,"S318-05.25", WMS용마재고!$L:$L) -> 0 | BJ13: =SUMIF(WMS용마재고!$A:$A,"S318-05.50", WMS용마재고!$L:$L) -> 130 | BK13: =SUMIF(WMS용마재고!$A:$A,"S318-05.75", WMS용마재고!$L:$L) -> 0 | BL13: =SUMIF(WMS용마재고!$A:$A,"S318-06.00", WMS용마재고!$L:$L) -> 130 | BM13: =SUMIF(WMS용마재고!$A:$A,"S318-06.50", WMS용마재고!$L:$L) -> 130 | BN13: =SUMIF(WMS용마재고!$A:$A,"S318-07.00", WMS용마재고!$L:$L) -> 130 | BO13: =SUMIF(WMS용마재고!$A:$A,"S318-07.50", WMS용마재고!$L:$L) -> 130 | BP13: =SUMIF(WMS용마재고!$A:$A,"S318-08.00", WMS용마재고!$L:$L) -> 130 | BQ13: =SUMIF(WMS용마재고!$A:$A,"S318-08.50", WMS용마재고!$L:$L) -> 0 | BR13: =SUMIF(WMS용마재고!$A:$A,"S318-09.00", WMS용마재고!$L:$L) -> 0 | BS13: =SUMIF(WMS용마재고!$A:$A,"S318-09.50", WMS용마재고!$L:$L) -> 0 | BT13: =SUMIF(WMS용마재고!$A:$A,"S318-10.00", WMS용마재고!$L:$L) -> 0 | BU13: =SUMIF(WMS용마재고!$A:$A,"s123-10.50", WMS용마재고!$L:$L) -> 0 | BV13: =SUMIF(WMS용마재고!$A:$A,"s123-10.50", WMS용마재고!$L:$L) -> 0 | BW13: =SUMIF(WMS용마재고!$A:$A,"s123-10.50", WMS용마재고!$L:$L) -> 0 | BX13: =SUMIF(WMS용마재고!$A:$A,"s123-10.50", WMS용마재고!$L:$L) -> 0 | BY13: 200 | BZ13: 0 | CA13: 0 | CB13: 130 | CC13: 130 | CD13: 130 | CE13: 130 | CF13: 130 | CG13: 130 | CH13: 130 | CI13: 130 | CJ13: 130 | CK13: 130 | CL13: 0 | CM13: 130 | CN13: 130 | CO13: 130 | CP13: 130 | CQ13: 130 | CR13: 130 | CS13: 0 | CT13: 130 | CU13: 0 | CV13: 130 | CW13: 130 | CX13: 130 | CY13: 130 | CZ13: 130 | DA13: 0 | DB13: 0 | DC13: 0 | DD13: 0 | DE13: 0 | DF13: 0 | DG13: 0 | DH13: 0 | DI13: =IF(AND(BY13<30, AO13>=30), "증가", "") | DJ13: =IF(AND(BZ13<30, AP13>=30), "증가", "") | DK13: =IF(AND(CA13<30, AQ13>=30), "증가", "") | DL13: =IF(AND(CB13<30, AR13>=30), "증가", "") | DM13: =IF(AND(CC13<30, AS13>=30), "증가", "") | DN13: =IF(AND(CD13<30, AT13>=30), "증가", "") | DO13: =IF(AND(CE13<30, AU13>=30), "증가", "") | DP13: =IF(AND(CF13<30, AV13>=30), "증가", "") | ... ER13: =IF(AND(DH13<30, BX13>=30), "증가", "") | ES13: =IF(AND(AO13<30, BY13>=30), "경고", "") | ET13: =IF(AND(AP13<30, BZ13>=30), "경고", "") | EU13: =IF(AND(AQ13<30, CA13>=30), "경고", "") | EV13: =IF(AND(AR13<30, CB13>=30), "경고", "") | EW13: =IF(AND(AS13<30, CC13>=30), "경고", "") | EX13: =IF(AND(AT13<30, CD13>=30), "경고", "") | EY13: =IF(AND(AU13<30, CE13>=30), "경고", "") | EZ13: =IF(AND(AV13<30, CF13>=30), "경고", "") | ... GB13: =IF(AND(BX13<30, DH13>=30), "경고", "")
A14: 10 | B14: 미셀리아 Lake Gray 2P | C14: =SUMIF(WMS용마재고!$A:$A,"S319-00.00", WMS용마재고!$L:$L) -> 200 | F14: =SUMIF(WMS용마재고!$A:$A,"S319-01.00", WMS용마재고!$L:$L) -> 130 | G14: =SUMIF(WMS용마재고!$A:$A,"S319-01.25", WMS용마재고!$L:$L) -> 130 | H14: =SUMIF(WMS용마재고!$A:$A,"S319-01.50", WMS용마재고!$L:$L) -> 130 | I14: =SUMIF(WMS용마재고!$A:$A,"S319-01.75", WMS용마재고!$L:$L) -> 130 | J14: =SUMIF(WMS용마재고!$A:$A,"S319-02.00", WMS용마재고!$L:$L) -> 130 | K14: =SUMIF(WMS용마재고!$A:$A,"S319-02.25", WMS용마재고!$L:$L) -> 130 | L14: =SUMIF(WMS용마재고!$A:$A,"S319-02.50", WMS용마재고!$L:$L) -> 130 | M14: =SUMIF(WMS용마재고!$A:$A,"S319-02.75", WMS용마재고!$L:$L) -> 130 | N14: =SUMIF(WMS용마재고!$A:$A,"S319-03.00", WMS용마재고!$L:$L) -> 130 | O14: =SUMIF(WMS용마재고!$A:$A,"S319-03.25", WMS용마재고!$L:$L) -> 130 | P14: =SUMIF(WMS용마재고!$A:$A,"S319-03.50", WMS용마재고!$L:$L) -> 130 | Q14: =SUMIF(WMS용마재고!$A:$A,"S319-03.75", WMS용마재고!$L:$L) -> 130 | R14: =SUMIF(WMS용마재고!$A:$A,"S319-04.00", WMS용마재고!$L:$L) -> 130 | S14: =SUMIF(WMS용마재고!$A:$A,"S319-04.25", WMS용마재고!$L:$L) -> 130 | T14: =SUMIF(WMS용마재고!$A:$A,"S319-04.50", WMS용마재고!$L:$L) -> 130 | U14: =SUMIF(WMS용마재고!$A:$A,"S319-04.75", WMS용마재고!$L:$L) -> 130 | V14: =SUMIF(WMS용마재고!$A:$A,"S319-05.00", WMS용마재고!$L:$L) -> 130 | X14: =SUMIF(WMS용마재고!$A:$A,"S319-05.50", WMS용마재고!$L:$L) -> 130 | Z14: =SUMIF(WMS용마재고!$A:$A,"S319-06.00", WMS용마재고!$L:$L) -> 130 | AA14: =SUMIF(WMS용마재고!$A:$A,"S319-06.50", WMS용마재고!$L:$L) -> 130 | AB14: =SUMIF(WMS용마재고!$A:$A,"S319-07.00", WMS용마재고!$L:$L) -> 130 | AC14: =SUMIF(WMS용마재고!$A:$A,"S319-07.50", WMS용마재고!$L:$L) -> 130 | AD14: =SUMIF(WMS용마재고!$A:$A,"S319-08.00", WMS용마재고!$L:$L) -> 130 | AN14: O2O2 D_Ash Brown EX | AO14: =SUMIF(WMS용마재고!$A:$A,"S319-00.00", WMS용마재고!$L:$L) -> 200 | AP14: =SUMIF(WMS용마재고!$A:$A,"S319-00.50", WMS용마재고!$L:$L) -> 0 | AQ14: =SUMIF(WMS용마재고!$A:$A,"S319-00.75", WMS용마재고!$L:$L) -> 0 | AR14: =SUMIF(WMS용마재고!$A:$A,"S319-01.00", WMS용마재고!$L:$L) -> 130 | AS14: =SUMIF(WMS용마재고!$A:$A,"S319-01.25", WMS용마재고!$L:$L) -> 130 | AT14: =SUMIF(WMS용마재고!$A:$A,"S319-01.50", WMS용마재고!$L:$L) -> 130 | AU14: =SUMIF(WMS용마재고!$A:$A,"S319-01.75", WMS용마재고!$L:$L) -> 130 | AV14: =SUMIF(WMS용마재고!$A:$A,"S319-02.00", WMS용마재고!$L:$L) -> 130 | AW14: =SUMIF(WMS용마재고!$A:$A,"S319-02.25", WMS용마재고!$L:$L) -> 130 | AX14: =SUMIF(WMS용마재고!$A:$A,"S319-02.50", WMS용마재고!$L:$L) -> 130 | AY14: =SUMIF(WMS용마재고!$A:$A,"S319-02.75", WMS용마재고!$L:$L) -> 130 | AZ14: =SUMIF(WMS용마재고!$A:$A,"S319-03.00", WMS용마재고!$L:$L) -> 130 | BA14: =SUMIF(WMS용마재고!$A:$A,"S319-03.25", WMS용마재고!$L:$L) -> 130 | BB14: =SUMIF(WMS용마재고!$A:$A,"S319-03.50", WMS용마재고!$L:$L) -> 130 | BC14: =SUMIF(WMS용마재고!$A:$A,"S319-03.75", WMS용마재고!$L:$L) -> 130 | BD14: =SUMIF(WMS용마재고!$A:$A,"S319-04.00", WMS용마재고!$L:$L) -> 130 | BE14: =SUMIF(WMS용마재고!$A:$A,"S319-04.25", WMS용마재고!$L:$L) -> 130 | BF14: =SUMIF(WMS용마재고!$A:$A,"S319-04.50", WMS용마재고!$L:$L) -> 130 | BG14: =SUMIF(WMS용마재고!$A:$A,"S319-04.75", WMS용마재고!$L:$L) -> 130 | BH14: =SUMIF(WMS용마재고!$A:$A,"S319-05.00", WMS용마재고!$L:$L) -> 130 | BI14: =SUMIF(WMS용마재고!$A:$A,"S319-05.25", WMS용마재고!$L:$L) -> 0 | BJ14: =SUMIF(WMS용마재고!$A:$A,"S319-05.50", WMS용마재고!$L:$L) -> 130 | BK14: =SUMIF(WMS용마재고!$A:$A,"S319-05.75", WMS용마재고!$L:$L) -> 0 | BL14: =SUMIF(WMS용마재고!$A:$A,"S319-06.00", WMS용마재고!$L:$L) -> 130 | BM14: =SUMIF(WMS용마재고!$A:$A,"S319-06.50", WMS용마재고!$L:$L) -> 130 | BN14: =SUMIF(WMS용마재고!$A:$A,"S319-07.00", WMS용마재고!$L:$L) -> 130 | BO14: =SUMIF(WMS용마재고!$A:$A,"S319-07.50", WMS용마재고!$L:$L) -> 130 | BP14: =SUMIF(WMS용마재고!$A:$A,"S319-08.00", WMS용마재고!$L:$L) -> 130 | BQ14: =SUMIF(WMS용마재고!$A:$A,"S319-08.50", WMS용마재고!$L:$L) -> 0 | BR14: =SUMIF(WMS용마재고!$A:$A,"S319-09.00", WMS용마재고!$L:$L) -> 0 | BS14: =SUMIF(WMS용마재고!$A:$A,"S319-09.50", WMS용마재고!$L:$L) -> 0 | BT14: =SUMIF(WMS용마재고!$A:$A,"S319-10.00", WMS용마재고!$L:$L) -> 0 | BV14: =SUMIF(WMS용마재고!$A:$A,"S319-10.50", WMS용마재고!$L:$L) -> 0 | BW14: =SUMIF(WMS용마재고!$A:$A,"S319-10.50", WMS용마재고!$L:$L) -> 0 | BX14: =SUMIF(WMS용마재고!$A:$A,"S319-10.50", WMS용마재고!$L:$L) -> 0 | BY14: 200 | BZ14: 0 | CA14: 0 | CB14: 130 | CC14: 130 | CD14: 130 | CE14: 130 | CF14: 130 | CG14: 130 | CH14: 130 | CI14: 130 | CJ14: 130 | CK14: 130 | CL14: 130 | CM14: 130 | CN14: 130 | CO14: 130 | CP14: 130 | CQ14: 130 | CR14: 130 | CS14: 0 | CT14: 130 | CU14: 0 | CV14: 130 | CW14: 130 | CX14: 130 | CY14: 130 | CZ14: 130 | DA14: 0 | DB14: 0 | DC14: 0 | DD14: 0 | DF14: 0 | DG14: 0 | DH14: 0 | DI14: =IF(AND(BY14<30, AO14>=30), "증가", "") | DJ14: =IF(AND(BZ14<30, AP14>=30), "증가", "") | DK14: =IF(AND(CA14<30, AQ14>=30), "증가", "") | DL14: =IF(AND(CB14<30, AR14>=30), "증가", "") | DM14: =IF(AND(CC14<30, AS14>=30), "증가", "") | DN14: =IF(AND(CD14<30, AT14>=30), "증가", "") | DO14: =IF(AND(CE14<30, AU14>=30), "증가", "") | DP14: =IF(AND(CF14<30, AV14>=30), "증가", "") | ... ER14: =IF(AND(DH14<30, BX14>=30), "증가", "") | ES14: =IF(AND(AO14<30, BY14>=30), "경고", "") | ET14: =IF(AND(AP14<30, BZ14>=30), "경고", "") | EU14: =IF(AND(AQ14<30, CA14>=30), "경고", "") | EV14: =IF(AND(AR14<30, CB14>=30), "경고", "") | EW14: =IF(AND(AS14<30, CC14>=30), "경고", "") | EX14: =IF(AND(AT14<30, CD14>=30), "경고", "") | EY14: =IF(AND(AU14<30, CE14>=30), "경고", "") | EZ14: =IF(AND(AV14<30, CF14>=30), "경고", "") | ... GB14: =IF(AND(BX14<30, DH14>=30), "경고", "")
A15: 11 | B15: 미셀리아 Mute Brown 2P | C15: =SUMIF(WMS용마재고!$A:$A,"S320-00.00", WMS용마재고!$L:$L) -> 200 | F15: =SUMIF(WMS용마재고!$A:$A,"S320-01.00", WMS용마재고!$L:$L) -> 130 | G15: =SUMIF(WMS용마재고!$A:$A,"S320-01.25", WMS용마재고!$L:$L) -> 130 | H15: =SUMIF(WMS용마재고!$A:$A,"S320-01.50", WMS용마재고!$L:$L) -> 130 | I15: =SUMIF(WMS용마재고!$A:$A,"S320-01.75", WMS용마재고!$L:$L) -> 130 | J15: =SUMIF(WMS용마재고!$A:$A,"S320-02.00", WMS용마재고!$L:$L) -> 130 | K15: =SUMIF(WMS용마재고!$A:$A,"S320-02.25", WMS용마재고!$L:$L) -> 130 | L15: =SUMIF(WMS용마재고!$A:$A,"S320-02.50", WMS용마재고!$L:$L) -> 130 | M15: =SUMIF(WMS용마재고!$A:$A,"S320-02.75", WMS용마재고!$L:$L) -> 130 | N15: =SUMIF(WMS용마재고!$A:$A,"S320-03.00", WMS용마재고!$L:$L) -> 130 | O15: =SUMIF(WMS용마재고!$A:$A,"S320-03.25", WMS용마재고!$L:$L) -> 130 | P15: =SUMIF(WMS용마재고!$A:$A,"S320-03.50", WMS용마재고!$L:$L) -> 130 | Q15: =SUMIF(WMS용마재고!$A:$A,"S320-03.75", WMS용마재고!$L:$L) -> 130 | R15: =SUMIF(WMS용마재고!$A:$A,"S320-04.00", WMS용마재고!$L:$L) -> 130 | S15: =SUMIF(WMS용마재고!$A:$A,"S320-04.25", WMS용마재고!$L:$L) -> 0 | T15: =SUMIF(WMS용마재고!$A:$A,"S320-04.50", WMS용마재고!$L:$L) -> 130 | U15: =SUMIF(WMS용마재고!$A:$A,"S320-04.75", WMS용마재고!$L:$L) -> 130 | V15: =SUMIF(WMS용마재고!$A:$A,"S320-05.00", WMS용마재고!$L:$L) -> 130 | X15: =SUMIF(WMS용마재고!$A:$A,"S320-05.50", WMS용마재고!$L:$L) -> 130 | Z15: =SUMIF(WMS용마재고!$A:$A,"S320-06.00", WMS용마재고!$L:$L) -> 130 | AA15: =SUMIF(WMS용마재고!$A:$A,"S320-06.50", WMS용마재고!$L:$L) -> 130 | AB15: =SUMIF(WMS용마재고!$A:$A,"S320-07.00", WMS용마재고!$L:$L) -> 130 | AC15: =SUMIF(WMS용마재고!$A:$A,"S320-07.50", WMS용마재고!$L:$L) -> 130 | AD15: =SUMIF(WMS용마재고!$A:$A,"S320-08.00", WMS용마재고!$L:$L) -> 130 | AN15: O2O2 D_Ash Gray EX | AO15: =SUMIF(WMS용마재고!$A:$A,"S320-00.00", WMS용마재고!$L:$L) -> 200 | AP15: =SUMIF(WMS용마재고!$A:$A,"S320-00.50", WMS용마재고!$L:$L) -> 0 | AQ15: =SUMIF(WMS용마재고!$A:$A,"S320-00.75", WMS용마재고!$L:$L) -> 0 | AR15: =SUMIF(WMS용마재고!$A:$A,"S320-01.00", WMS용마재고!$L:$L) -> 130 | AS15: =SUMIF(WMS용마재고!$A:$A,"S320-01.25", WMS용마재고!$L:$L) -> 130 | AT15: =SUMIF(WMS용마재고!$A:$A,"S320-01.50", WMS용마재고!$L:$L) -> 130 | AU15: =SUMIF(WMS용마재고!$A:$A,"S320-01.75", WMS용마재고!$L:$L) -> 130 | AV15: =SUMIF(WMS용마재고!$A:$A,"S320-02.00", WMS용마재고!$L:$L) -> 130 | AW15: =SUMIF(WMS용마재고!$A:$A,"S320-02.25", WMS용마재고!$L:$L) -> 130 | AX15: =SUMIF(WMS용마재고!$A:$A,"S320-02.50", WMS용마재고!$L:$L) -> 130 | AY15: =SUMIF(WMS용마재고!$A:$A,"S320-02.75", WMS용마재고!$L:$L) -> 130 | AZ15: =SUMIF(WMS용마재고!$A:$A,"S320-03.00", WMS용마재고!$L:$L) -> 130 | BA15: =SUMIF(WMS용마재고!$A:$A,"S320-03.25", WMS용마재고!$L:$L) -> 130 | BB15: =SUMIF(WMS용마재고!$A:$A,"S320-03.50", WMS용마재고!$L:$L) -> 130 | BC15: =SUMIF(WMS용마재고!$A:$A,"S320-03.75", WMS용마재고!$L:$L) -> 130 | BD15: =SUMIF(WMS용마재고!$A:$A,"S320-04.00", WMS용마재고!$L:$L) -> 130 | BE15: =SUMIF(WMS용마재고!$A:$A,"S320-04.25", WMS용마재고!$L:$L) -> 0 | BF15: =SUMIF(WMS용마재고!$A:$A,"S320-04.50", WMS용마재고!$L:$L) -> 130 | BG15: =SUMIF(WMS용마재고!$A:$A,"S320-04.75", WMS용마재고!$L:$L) -> 130 | BH15: =SUMIF(WMS용마재고!$A:$A,"S320-05.00", WMS용마재고!$L:$L) -> 130 | BI15: =SUMIF(WMS용마재고!$A:$A,"S320-05.25", WMS용마재고!$L:$L) -> 0 | BJ15: =SUMIF(WMS용마재고!$A:$A,"S320-05.50", WMS용마재고!$L:$L) -> 130 | BK15: =SUMIF(WMS용마재고!$A:$A,"S320-05.75", WMS용마재고!$L:$L) -> 0 | BL15: =SUMIF(WMS용마재고!$A:$A,"S320-06.00", WMS용마재고!$L:$L) -> 130 | BM15: =SUMIF(WMS용마재고!$A:$A,"S320-06.50", WMS용마재고!$L:$L) -> 130 | BN15: =SUMIF(WMS용마재고!$A:$A,"S320-07.00", WMS용마재고!$L:$L) -> 130 | BO15: =SUMIF(WMS용마재고!$A:$A,"S320-07.50", WMS용마재고!$L:$L) -> 130 | BP15: =SUMIF(WMS용마재고!$A:$A,"S320-08.00", WMS용마재고!$L:$L) -> 130 | BQ15: =SUMIF(WMS용마재고!$A:$A,"S320-08.50", WMS용마재고!$L:$L) -> 0 | BR15: =SUMIF(WMS용마재고!$A:$A,"S320-09.00", WMS용마재고!$L:$L) -> 0 | BS15: =SUMIF(WMS용마재고!$A:$A,"S320-09.50", WMS용마재고!$L:$L) -> 0 | BT15: =SUMIF(WMS용마재고!$A:$A,"S320-10.00", WMS용마재고!$L:$L) -> 0 | BU15: =SUMIF(WMS용마재고!$A:$A,"S617-10.50", WMS용마재고!$L:$L) -> 0 | BV15: =SUMIF(WMS용마재고!$A:$A,"S617-10.50", WMS용마재고!$L:$L) -> 0 | BW15: =SUMIF(WMS용마재고!$A:$A,"S617-10.50", WMS용마재고!$L:$L) -> 0 | BX15: =SUMIF(WMS용마재고!$A:$A,"S617-10.50", WMS용마재고!$L:$L) -> 0 | BY15: 200 | BZ15: 0 | CA15: 0 | CB15: 130 | CC15: 130 | CD15: 130 | CE15: 130 | CF15: 130 | CG15: 130 | CH15: 130 | CI15: 130 | CJ15: 130 | CK15: 130 | CL15: 130 | CM15: 130 | CN15: 130 | CO15: 0 | CP15: 130 | CQ15: 130 | CR15: 130 | CS15: 0 | CT15: 130 | CU15: 0 | CV15: 130 | CW15: 130 | CX15: 130 | CY15: 130 | CZ15: 130 | DA15: 0 | DB15: 0 | DC15: 0 | DD15: 0 | DE15: 0 | DF15: 0 | DG15: 0 | DH15: 0 | DI15: =IF(AND(BY15<30, AO15>=30), "증가", "") | DJ15: =IF(AND(BZ15<30, AP15>=30), "증가", "") | DK15: =IF(AND(CA15<30, AQ15>=30), "증가", "") | DL15: =IF(AND(CB15<30, AR15>=30), "증가", "") | DM15: =IF(AND(CC15<30, AS15>=30), "증가", "") | DN15: =IF(AND(CD15<30, AT15>=30), "증가", "") | DO15: =IF(AND(CE15<30, AU15>=30), "증가", "") | DP15: =IF(AND(CF15<30, AV15>=30), "증가", "") | ... ER15: =IF(AND(DH15<30, BX15>=30), "증가", "") | ES15: =IF(AND(AO15<30, BY15>=30), "경고", "") | ET15: =IF(AND(AP15<30, BZ15>=30), "경고", "") | EU15: =IF(AND(AQ15<30, CA15>=30), "경고", "") | EV15: =IF(AND(AR15<30, CB15>=30), "경고", "") | EW15: =IF(AND(AS15<30, CC15>=30), "경고", "") | EX15: =IF(AND(AT15<30, CD15>=30), "경고", "") | EY15: =IF(AND(AU15<30, CE15>=30), "경고", "") | EZ15: =IF(AND(AV15<30, CF15>=30), "경고", "") | ... GB15: =IF(AND(BX15<30, DH15>=30), "경고", "")
A16: 12 | B16: 미셀리아 Pale Choco 2P | C16: =SUMIF(WMS용마재고!$A:$A,"S321-00.00", WMS용마재고!$L:$L) -> 200 | F16: =SUMIF(WMS용마재고!$A:$A,"S321-01.00", WMS용마재고!$L:$L) -> 130 | G16: =SUMIF(WMS용마재고!$A:$A,"S321-01.25", WMS용마재고!$L:$L) -> 130 | H16: =SUMIF(WMS용마재고!$A:$A,"S321-01.50", WMS용마재고!$L:$L) -> 130 | I16: =SUMIF(WMS용마재고!$A:$A,"S321-01.75", WMS용마재고!$L:$L) -> 130 | J16: =SUMIF(WMS용마재고!$A:$A,"S321-02.00", WMS용마재고!$L:$L) -> 130 | K16: =SUMIF(WMS용마재고!$A:$A,"S321-02.25", WMS용마재고!$L:$L) -> 130 | L16: =SUMIF(WMS용마재고!$A:$A,"S321-02.50", WMS용마재고!$L:$L) -> 130 | M16: =SUMIF(WMS용마재고!$A:$A,"S321-02.75", WMS용마재고!$L:$L) -> 130 | N16: =SUMIF(WMS용마재고!$A:$A,"S321-03.00", WMS용마재고!$L:$L) -> 130 | O16: =SUMIF(WMS용마재고!$A:$A,"S321-03.25", WMS용마재고!$L:$L) -> 130 | P16: =SUMIF(WMS용마재고!$A:$A,"S321-03.50", WMS용마재고!$L:$L) -> 130 | Q16: =SUMIF(WMS용마재고!$A:$A,"S321-03.75", WMS용마재고!$L:$L) -> 130 | R16: =SUMIF(WMS용마재고!$A:$A,"S321-04.00", WMS용마재고!$L:$L) -> 130 | S16: =SUMIF(WMS용마재고!$A:$A,"S321-04.25", WMS용마재고!$L:$L) -> 130 | T16: =SUMIF(WMS용마재고!$A:$A,"S321-04.50", WMS용마재고!$L:$L) -> 130 | U16: =SUMIF(WMS용마재고!$A:$A,"S321-04.75", WMS용마재고!$L:$L) -> 130 | V16: =SUMIF(WMS용마재고!$A:$A,"S321-05.00", WMS용마재고!$L:$L) -> 130 | X16: =SUMIF(WMS용마재고!$A:$A,"S321-05.50", WMS용마재고!$L:$L) -> 130 | Z16: =SUMIF(WMS용마재고!$A:$A,"S321-06.00", WMS용마재고!$L:$L) -> 130 | AA16: =SUMIF(WMS용마재고!$A:$A,"S321-06.50", WMS용마재고!$L:$L) -> 130 | AB16: =SUMIF(WMS용마재고!$A:$A,"S321-07.00", WMS용마재고!$L:$L) -> 130 | AC16: =SUMIF(WMS용마재고!$A:$A,"S321-07.50", WMS용마재고!$L:$L) -> 130 | AD16: =SUMIF(WMS용마재고!$A:$A,"S321-08.00", WMS용마재고!$L:$L) -> 130 | AN16: O2O2 D_Ash Gray EX | AO16: =SUMIF(WMS용마재고!$A:$A,"S321-00.00", WMS용마재고!$L:$L) -> 200 | AP16: =SUMIF(WMS용마재고!$A:$A,"S321-00.50", WMS용마재고!$L:$L) -> 0 | AQ16: =SUMIF(WMS용마재고!$A:$A,"S321-00.75", WMS용마재고!$L:$L) -> 0 | AR16: =SUMIF(WMS용마재고!$A:$A,"S321-01.00", WMS용마재고!$L:$L) -> 130 | AS16: =SUMIF(WMS용마재고!$A:$A,"S321-01.25", WMS용마재고!$L:$L) -> 130 | AT16: =SUMIF(WMS용마재고!$A:$A,"S321-01.50", WMS용마재고!$L:$L) -> 130 | AU16: =SUMIF(WMS용마재고!$A:$A,"S321-01.75", WMS용마재고!$L:$L) -> 130 | AV16: =SUMIF(WMS용마재고!$A:$A,"S321-02.00", WMS용마재고!$L:$L) -> 130 | AW16: =SUMIF(WMS용마재고!$A:$A,"S321-02.25", WMS용마재고!$L:$L) -> 130 | AX16: =SUMIF(WMS용마재고!$A:$A,"S321-02.50", WMS용마재고!$L:$L) -> 130 | AY16: =SUMIF(WMS용마재고!$A:$A,"S321-02.75", WMS용마재고!$L:$L) -> 130 | AZ16: =SUMIF(WMS용마재고!$A:$A,"S321-03.00", WMS용마재고!$L:$L) -> 130 | BA16: =SUMIF(WMS용마재고!$A:$A,"S321-03.25", WMS용마재고!$L:$L) -> 130 | BB16: =SUMIF(WMS용마재고!$A:$A,"S321-03.50", WMS용마재고!$L:$L) -> 130 | BC16: =SUMIF(WMS용마재고!$A:$A,"S321-03.75", WMS용마재고!$L:$L) -> 130 | BD16: =SUMIF(WMS용마재고!$A:$A,"S321-04.00", WMS용마재고!$L:$L) -> 130 | BE16: =SUMIF(WMS용마재고!$A:$A,"S321-04.25", WMS용마재고!$L:$L) -> 130 | BF16: =SUMIF(WMS용마재고!$A:$A,"S321-04.50", WMS용마재고!$L:$L) -> 130 | BG16: =SUMIF(WMS용마재고!$A:$A,"S321-04.75", WMS용마재고!$L:$L) -> 130 | BH16: =SUMIF(WMS용마재고!$A:$A,"S321-05.00", WMS용마재고!$L:$L) -> 130 | BI16: =SUMIF(WMS용마재고!$A:$A,"S321-05.25", WMS용마재고!$L:$L) -> 0 | BJ16: =SUMIF(WMS용마재고!$A:$A,"S321-05.50", WMS용마재고!$L:$L) -> 130 | BK16: =SUMIF(WMS용마재고!$A:$A,"S321-05.75", WMS용마재고!$L:$L) -> 0 | BL16: =SUMIF(WMS용마재고!$A:$A,"S321-06.00", WMS용마재고!$L:$L) -> 130 | BM16: =SUMIF(WMS용마재고!$A:$A,"S321-06.50", WMS용마재고!$L:$L) -> 130 | BN16: =SUMIF(WMS용마재고!$A:$A,"S321-07.00", WMS용마재고!$L:$L) -> 130 | BO16: =SUMIF(WMS용마재고!$A:$A,"S321-07.50", WMS용마재고!$L:$L) -> 130 | BP16: =SUMIF(WMS용마재고!$A:$A,"S321-08.00", WMS용마재고!$L:$L) -> 130 | BQ16: =SUMIF(WMS용마재고!$A:$A,"S321-08.50", WMS용마재고!$L:$L) -> 0 | BR16: =SUMIF(WMS용마재고!$A:$A,"S321-09.00", WMS용마재고!$L:$L) -> 0 | BS16: =SUMIF(WMS용마재고!$A:$A,"S321-09.50", WMS용마재고!$L:$L) -> 0 | BT16: =SUMIF(WMS용마재고!$A:$A,"S321-10.00", WMS용마재고!$L:$L) -> 0 | BU16: =SUMIF(WMS용마재고!$A:$A,"S617-10.50", WMS용마재고!$L:$L) -> 0 | BV16: =SUMIF(WMS용마재고!$A:$A,"S617-10.50", WMS용마재고!$L:$L) -> 0 | BW16: =SUMIF(WMS용마재고!$A:$A,"S617-10.50", WMS용마재고!$L:$L) -> 0 | BX16: =SUMIF(WMS용마재고!$A:$A,"S617-10.50", WMS용마재고!$L:$L) -> 0 | BY16: 200 | BZ16: 0 | CA16: 0 | CB16: 130 | CC16: 130 | CD16: 130 | CE16: 130 | CF16: 130 | CG16: 130 | CH16: 130 | CI16: 130 | CJ16: 130 | CK16: 130 | CL16: 130 | CM16: 130 | CN16: 130 | CO16: 130 | CP16: 130 | CQ16: 130 | CR16: 130 | CS16: 0 | CT16: 130 | CU16: 0 | CV16: 130 | CW16: 130 | CX16: 130 | CY16: 130 | CZ16: 130 | DA16: 0 | DB16: 0 | DC16: 0 | DD16: 0 | DE16: 0 | DF16: 0 | DG16: 0 | DH16: 0 | DI16: =IF(AND(BY16<30, AO16>=30), "증가", "") | DJ16: =IF(AND(BZ16<30, AP16>=30), "증가", "") | DK16: =IF(AND(CA16<30, AQ16>=30), "증가", "") | DL16: =IF(AND(CB16<30, AR16>=30), "증가", "") | DM16: =IF(AND(CC16<30, AS16>=30), "증가", "") | DN16: =IF(AND(CD16<30, AT16>=30), "증가", "") | DO16: =IF(AND(CE16<30, AU16>=30), "증가", "") | DP16: =IF(AND(CF16<30, AV16>=30), "증가", "") | ... ER16: =IF(AND(DH16<30, BX16>=30), "증가", "") | ES16: =IF(AND(AO16<30, BY16>=30), "경고", "") | ET16: =IF(AND(AP16<30, BZ16>=30), "경고", "") | EU16: =IF(AND(AQ16<30, CA16>=30), "경고", "") | EV16: =IF(AND(AR16<30, CB16>=30), "경고", "") | EW16: =IF(AND(AS16<30, CC16>=30), "경고", "") | EX16: =IF(AND(AT16<30, CD16>=30), "경고", "") | EY16: =IF(AND(AU16<30, CE16>=30), "경고", "") | EZ16: =IF(AND(AV16<30, CF16>=30), "경고", "") | ... GB16: =IF(AND(BX16<30, DH16>=30), "경고", "")
A17: Clear
A18: 1 | B18: 클라렌 투명 30P | C18: =SUMIF(WMS용마재고!$A:$A,"s030-00.00", WMS용마재고!$L:$L) -> 198 | D18: =SUMIF(WMS용마재고!$A:$A,"s030-00.50", WMS용마재고!$L:$L) -> 429 | E18: =SUMIF(WMS용마재고!$A:$A,"s030-00.75", WMS용마재고!$L:$L) -> 2054 | F18: =SUMIF(WMS용마재고!$A:$A,"s030-01.00", WMS용마재고!$L:$L) -> 540 | G18: =SUMIF(WMS용마재고!$A:$A,"s030-01.25", WMS용마재고!$L:$L) -> 527 | H18: =SUMIF(WMS용마재고!$A:$A,"s030-01.50", WMS용마재고!$L:$L) -> 1076 | I18: =SUMIF(WMS용마재고!$A:$A,"s030-01.75", WMS용마재고!$L:$L) -> 890 | J18: =SUMIF(WMS용마재고!$A:$A,"s030-02.00", WMS용마재고!$L:$L) -> 779 | K18: =SUMIF(WMS용마재고!$A:$A,"s030-02.25", WMS용마재고!$L:$L) -> 1047 | L18: =SUMIF(WMS용마재고!$A:$A,"s030-02.50", WMS용마재고!$L:$L) -> 1192 | M18: =SUMIF(WMS용마재고!$A:$A,"s030-02.75", WMS용마재고!$L:$L) -> 1165 | N18: =SUMIF(WMS용마재고!$A:$A,"s030-03.00", WMS용마재고!$L:$L) -> 1072 | O18: =SUMIF(WMS용마재고!$A:$A,"s030-03.25", WMS용마재고!$L:$L) -> 1086 | P18: =SUMIF(WMS용마재고!$A:$A,"s030-03.50", WMS용마재고!$L:$L) -> 1229 | Q18: =SUMIF(WMS용마재고!$A:$A,"s030-03.75", WMS용마재고!$L:$L) -> 1737 | R18: =SUMIF(WMS용마재고!$A:$A,"s030-04.00", WMS용마재고!$L:$L) -> 1125 | S18: =SUMIF(WMS용마재고!$A:$A,"s030-04.25", WMS용마재고!$L:$L) -> 1087 | T18: =SUMIF(WMS용마재고!$A:$A,"s030-04.50", WMS용마재고!$L:$L) -> 1121 | U18: =SUMIF(WMS용마재고!$A:$A,"s030-04.75", WMS용마재고!$L:$L) -> 736 | V18: =SUMIF(WMS용마재고!$A:$A,"s030-05.00", WMS용마재고!$L:$L) -> 924 | W18: =SUMIF(WMS용마재고!$A:$A,"s030-05.25", WMS용마재고!$L:$L) -> 979 | X18: =SUMIF(WMS용마재고!$A:$A,"s030-05.50", WMS용마재고!$L:$L) -> 635 | Y18: =SUMIF(WMS용마재고!$A:$A,"s030-05.75", WMS용마재고!$L:$L) -> 804 | Z18: =SUMIF(WMS용마재고!$A:$A,"s030-06.00", WMS용마재고!$L:$L) -> 776 | AA18: =SUMIF(WMS용마재고!$A:$A,"s030-06.50", WMS용마재고!$L:$L) -> 644 | AB18: =SUMIF(WMS용마재고!$A:$A,"s030-07.00", WMS용마재고!$L:$L) -> 1221 | AC18: =SUMIF(WMS용마재고!$A:$A,"s030-07.50", WMS용마재고!$L:$L) -> 1234 | AD18: =SUMIF(WMS용마재고!$A:$A,"s030-08.00", WMS용마재고!$L:$L) -> 287 | AE18: =SUMIF(WMS용마재고!$A:$A,"s030-08.50", WMS용마재고!$L:$L) -> 189 | AF18: =SUMIF(WMS용마재고!$A:$A,"s030-09.00", WMS용마재고!$L:$L) -> 238 | AG18: =SUMIF(WMS용마재고!$A:$A,"s030-09.50", WMS용마재고!$L:$L) -> 1170 | AH18: =SUMIF(WMS용마재고!$A:$A,"s030-10.00", WMS용마재고!$L:$L) -> 267 | AI18: =SUMIF(WMS용마재고!$A:$A,"s030-10.50", WMS용마재고!$L:$L) -> 1001 | AJ18: =SUMIF(WMS용마재고!$A:$A,"s030-11.00", WMS용마재고!$L:$L) -> 589 | AK18: =SUMIF(WMS용마재고!$A:$A,"s030-11.50", WMS용마재고!$L:$L) -> 959 | AL18: =SUMIF(WMS용마재고!$A:$A,"s030-12.00", WMS용마재고!$L:$L) -> 116 | AN18: 클라렌 투명 30P | AO18: =SUMIF(WMS용마재고!$A:$A,"s030-00.00", WMS용마재고!$L:$L) -> 198 | AP18: =SUMIF(WMS용마재고!$A:$A,"s030-00.50", WMS용마재고!$L:$L) -> 429 | AQ18: =SUMIF(WMS용마재고!$A:$A,"s030-00.75", WMS용마재고!$L:$L) -> 2054 | AR18: =SUMIF(WMS용마재고!$A:$A,"s030-01.00", WMS용마재고!$L:$L) -> 540 | AS18: =SUMIF(WMS용마재고!$A:$A,"s030-01.25", WMS용마재고!$L:$L) -> 527 | AT18: =SUMIF(WMS용마재고!$A:$A,"s030-01.50", WMS용마재고!$L:$L) -> 1076 | AU18: =SUMIF(WMS용마재고!$A:$A,"s030-01.75", WMS용마재고!$L:$L) -> 890 | AV18: =SUMIF(WMS용마재고!$A:$A,"s030-02.00", WMS용마재고!$L:$L) -> 779 | AW18: =SUMIF(WMS용마재고!$A:$A,"s030-02.25", WMS용마재고!$L:$L) -> 1047 | AX18: =SUMIF(WMS용마재고!$A:$A,"s030-02.50", WMS용마재고!$L:$L) -> 1192 | AY18: =SUMIF(WMS용마재고!$A:$A,"s030-02.75", WMS용마재고!$L:$L) -> 1165 | AZ18: =SUMIF(WMS용마재고!$A:$A,"s030-03.00", WMS용마재고!$L:$L) -> 1072 | BA18: =SUMIF(WMS용마재고!$A:$A,"s030-03.25", WMS용마재고!$L:$L) -> 1086 | BB18: =SUMIF(WMS용마재고!$A:$A,"s030-03.50", WMS용마재고!$L:$L) -> 1229 | BC18: =SUMIF(WMS용마재고!$A:$A,"s030-03.75", WMS용마재고!$L:$L) -> 1737 | BD18: =SUMIF(WMS용마재고!$A:$A,"s030-04.00", WMS용마재고!$L:$L) -> 1125 | BE18: =SUMIF(WMS용마재고!$A:$A,"s030-04.25", WMS용마재고!$L:$L) -> 1087 | BF18: =SUMIF(WMS용마재고!$A:$A,"s030-04.50", WMS용마재고!$L:$L) -> 1121 | BG18: =SUMIF(WMS용마재고!$A:$A,"s030-04.75", WMS용마재고!$L:$L) -> 736 | BH18: =SUMIF(WMS용마재고!$A:$A,"s030-05.00", WMS용마재고!$L:$L) -> 924 | BI18: =SUMIF(WMS용마재고!$A:$A,"s030-05.25", WMS용마재고!$L:$L) -> 979 | BJ18: =SUMIF(WMS용마재고!$A:$A,"s030-05.50", WMS용마재고!$L:$L) -> 635 | BK18: =SUMIF(WMS용마재고!$A:$A,"s030-05.75", WMS용마재고!$L:$L) -> 804 | BL18: =SUMIF(WMS용마재고!$A:$A,"s030-06.00", WMS용마재고!$L:$L) -> 776 | BM18: =SUMIF(WMS용마재고!$A:$A,"s030-06.50", WMS용마재고!$L:$L) -> 644 | BN18: =SUMIF(WMS용마재고!$A:$A,"s030-07.00", WMS용마재고!$L:$L) -> 1221 | BO18: =SUMIF(WMS용마재고!$A:$A,"s030-07.50", WMS용마재고!$L:$L) -> 1234 | BP18: =SUMIF(WMS용마재고!$A:$A,"s030-08.00", WMS용마재고!$L:$L) -> 287 | BQ18: =SUMIF(WMS용마재고!$A:$A,"s030-08.50", WMS용마재고!$L:$L) -> 189 | BR18: =SUMIF(WMS용마재고!$A:$A,"s030-09.00", WMS용마재고!$L:$L) -> 238 | BS18: =SUMIF(WMS용마재고!$A:$A,"s030-09.50", WMS용마재고!$L:$L) -> 1170 | BT18: =SUMIF(WMS용마재고!$A:$A,"s030-10.00", WMS용마재고!$L:$L) -> 267 | BU18: =SUMIF(WMS용마재고!$A:$A,"s030-10.50", WMS용마재고!$L:$L) -> 1001 | BV18: =SUMIF(WMS용마재고!$A:$A,"s030-11.00", WMS용마재고!$L:$L) -> 589 | BW18: =SUMIF(WMS용마재고!$A:$A,"s030-11.50", WMS용마재고!$L:$L) -> 959 | BX18: =SUMIF(WMS용마재고!$A:$A,"s030-12.00", WMS용마재고!$L:$L) -> 116 | BY18: 198 | BZ18: 429 | CA18: 2054 | CB18: 540 | CC18: 527 | CD18: 1076 | CE18: 890 | CF18: 779 | CG18: 1047 | CH18: 1192 | CI18: 1165 | CJ18: 1072 | CK18: 1086 | CL18: 1229 | CM18: 1737 | CN18: 1125 | CO18: 1087 | CP18: 1121 | CQ18: 736 | CR18: 924 | CS18: 979 | CT18: 635 | CU18: 804 | CV18: 776 | CW18: 644 | CX18: 1221 | CY18: 1234 | CZ18: 287 | DA18: 189 | DB18: 238 | DC18: 1170 | DD18: 267 | DE18: 1001 | DF18: 589 | DG18: 959 | DH18: 116 | DI18: =IF(AND(BY18<30, AO18>=30), "증가", "") | DJ18: =IF(AND(BZ18<30, AP18>=30), "증가", "") | DK18: =IF(AND(CA18<30, AQ18>=30), "증가", "") | DL18: =IF(AND(CB18<30, AR18>=30), "증가", "") | DM18: =IF(AND(CC18<30, AS18>=30), "증가", "") | DN18: =IF(AND(CD18<30, AT18>=30), "증가", "") | DO18: =IF(AND(CE18<30, AU18>=30), "증가", "") | DP18: =IF(AND(CF18<30, AV18>=30), "증가", "") | ... ER18: =IF(AND(DH18<30, BX18>=30), "증가", "") | ES18: =IF(AND(AO18<30, BY18>=30), "경고", "") | ET18: =IF(AND(AP18<30, BZ18>=30), "경고", "") | EU18: =IF(AND(AQ18<30, CA18>=30), "경고", "") | EV18: =IF(AND(AR18<30, CB18>=30), "경고", "") | EW18: =IF(AND(AS18<30, CC18>=30), "경고", "") | EX18: =IF(AND(AT18<30, CD18>=30), "경고", "") | EY18: =IF(AND(AU18<30, CE18>=30), "경고", "") | EZ18: =IF(AND(AV18<30, CF18>=30), "경고", "") | ... GB18: =IF(AND(BX18<30, DH18>=30), "경고", "")
A19: 2 | B19: 클라렌 투명 80P | D19: =SUMIF(WMS용마재고!$A:$A,"s180-00.50", WMS용마재고!$L:$L) -> 132 | E19: =SUMIF(WMS용마재고!$A:$A,"s180-00.75", WMS용마재고!$L:$L) -> 360 | F19: =SUMIF(WMS용마재고!$A:$A,"s180-01.00", WMS용마재고!$L:$L) -> 195 | G19: =SUMIF(WMS용마재고!$A:$A,"s180-01.25", WMS용마재고!$L:$L) -> 365 | H19: =SUMIF(WMS용마재고!$A:$A,"s180-01.50", WMS용마재고!$L:$L) -> 226 | I19: =SUMIF(WMS용마재고!$A:$A,"s180-01.75", WMS용마재고!$L:$L) -> 289 | J19: =SUMIF(WMS용마재고!$A:$A,"s180-02.00", WMS용마재고!$L:$L) -> 335 | K19: =SUMIF(WMS용마재고!$A:$A,"s180-02.25", WMS용마재고!$L:$L) -> 213 | L19: =SUMIF(WMS용마재고!$A:$A,"s180-02.50", WMS용마재고!$L:$L) -> 366 | M19: =SUMIF(WMS용마재고!$A:$A,"s180-02.75", WMS용마재고!$L:$L) -> 293 | N19: =SUMIF(WMS용마재고!$A:$A,"s180-03.00", WMS용마재고!$L:$L) -> 285 | O19: =SUMIF(WMS용마재고!$A:$A,"s180-03.25", WMS용마재고!$L:$L) -> 360 | P19: =SUMIF(WMS용마재고!$A:$A,"s180-03.50", WMS용마재고!$L:$L) -> 361 | Q19: =SUMIF(WMS용마재고!$A:$A,"s180-03.75", WMS용마재고!$L:$L) -> 425 | R19: =SUMIF(WMS용마재고!$A:$A,"s180-04.00", WMS용마재고!$L:$L) -> 528 | S19: =SUMIF(WMS용마재고!$A:$A,"s180-04.25", WMS용마재고!$L:$L) -> 352 | T19: =SUMIF(WMS용마재고!$A:$A,"s180-04.50", WMS용마재고!$L:$L) -> 410 | U19: =SUMIF(WMS용마재고!$A:$A,"s180-04.75", WMS용마재고!$L:$L) -> 325 | V19: =SUMIF(WMS용마재고!$A:$A,"s180-05.00", WMS용마재고!$L:$L) -> 302 | W19: =SUMIF(WMS용마재고!$A:$A,"s180-05.25", WMS용마재고!$L:$L) -> 132 | X19: =SUMIF(WMS용마재고!$A:$A,"s180-05.50", WMS용마재고!$L:$L) -> 295 | Y19: =SUMIF(WMS용마재고!$A:$A,"s180-05.75", WMS용마재고!$L:$L) -> 888 | Z19: =SUMIF(WMS용마재고!$A:$A,"s180-06.00", WMS용마재고!$L:$L) -> 183 | AA19: =SUMIF(WMS용마재고!$A:$A,"s180-06.50", WMS용마재고!$L:$L) -> 323 | AB19: =SUMIF(WMS용마재고!$A:$A,"s180-07.00", WMS용마재고!$L:$L) -> 454 | AC19: =SUMIF(WMS용마재고!$A:$A,"s180-07.50", WMS용마재고!$L:$L) -> 223 | AD19: =SUMIF(WMS용마재고!$A:$A,"s180-08.00", WMS용마재고!$L:$L) -> 609 | AE19: =SUMIF(WMS용마재고!$A:$A,"s180-08.50", WMS용마재고!$L:$L) -> 33 | AF19: =SUMIF(WMS용마재고!$A:$A,"s180-09.00", WMS용마재고!$L:$L) -> 146 | AG19: =SUMIF(WMS용마재고!$A:$A,"s180-09.50", WMS용마재고!$L:$L) -> 77 | AH19: =SUMIF(WMS용마재고!$A:$A,"s180-10.00", WMS용마재고!$L:$L) -> 63 | AI19: =SUMIF(WMS용마재고!$A:$A,"s180-10.50", WMS용마재고!$L:$L) -> 125 | AJ19: =SUMIF(WMS용마재고!$A:$A,"s180-11.00", WMS용마재고!$L:$L) -> 99 | AK19: =SUMIF(WMS용마재고!$A:$A,"s180-11.50", WMS용마재고!$L:$L) -> 144 | AL19: =SUMIF(WMS용마재고!$A:$A,"s180-12.00", WMS용마재고!$L:$L) -> 158 | AN19: 클라렌 투명 80P | AO19: =SUMIF(WMS용마재고!$A:$A,"s180-00.00", WMS용마재고!$L:$L) -> 0 | AP19: =SUMIF(WMS용마재고!$A:$A,"s180-00.50", WMS용마재고!$L:$L) -> 132 | AQ19: =SUMIF(WMS용마재고!$A:$A,"s180-00.75", WMS용마재고!$L:$L) -> 360 | AR19: =SUMIF(WMS용마재고!$A:$A,"s180-01.00", WMS용마재고!$L:$L) -> 195 | AS19: =SUMIF(WMS용마재고!$A:$A,"s180-01.25", WMS용마재고!$L:$L) -> 365 | AT19: =SUMIF(WMS용마재고!$A:$A,"s180-01.50", WMS용마재고!$L:$L) -> 226 | AU19: =SUMIF(WMS용마재고!$A:$A,"s180-01.75", WMS용마재고!$L:$L) -> 289 | AV19: =SUMIF(WMS용마재고!$A:$A,"s180-02.00", WMS용마재고!$L:$L) -> 335 | AW19: =SUMIF(WMS용마재고!$A:$A,"s180-02.25", WMS용마재고!$L:$L) -> 213 | AX19: =SUMIF(WMS용마재고!$A:$A,"s180-02.50", WMS용마재고!$L:$L) -> 366 | AY19: =SUMIF(WMS용마재고!$A:$A,"s180-02.75", WMS용마재고!$L:$L) -> 293 | AZ19: =SUMIF(WMS용마재고!$A:$A,"s180-03.00", WMS용마재고!$L:$L) -> 285 | BA19: =SUMIF(WMS용마재고!$A:$A,"s180-03.25", WMS용마재고!$L:$L) -> 360 | BB19: =SUMIF(WMS용마재고!$A:$A,"s180-03.50", WMS용마재고!$L:$L) -> 361 | BC19: =SUMIF(WMS용마재고!$A:$A,"s180-03.75", WMS용마재고!$L:$L) -> 425 | BD19: =SUMIF(WMS용마재고!$A:$A,"s180-04.00", WMS용마재고!$L:$L) -> 528 | BE19: =SUMIF(WMS용마재고!$A:$A,"s180-04.25", WMS용마재고!$L:$L) -> 352 | BF19: =SUMIF(WMS용마재고!$A:$A,"s180-04.50", WMS용마재고!$L:$L) -> 410 | BG19: =SUMIF(WMS용마재고!$A:$A,"s180-04.75", WMS용마재고!$L:$L) -> 325 | BH19: =SUMIF(WMS용마재고!$A:$A,"s180-05.00", WMS용마재고!$L:$L) -> 302 | BI19: =SUMIF(WMS용마재고!$A:$A,"s180-05.25", WMS용마재고!$L:$L) -> 132 | BJ19: =SUMIF(WMS용마재고!$A:$A,"s180-05.50", WMS용마재고!$L:$L) -> 295 | BK19: =SUMIF(WMS용마재고!$A:$A,"s180-05.75", WMS용마재고!$L:$L) -> 888 | BL19: =SUMIF(WMS용마재고!$A:$A,"s180-06.00", WMS용마재고!$L:$L) -> 183 | BM19: =SUMIF(WMS용마재고!$A:$A,"s180-06.50", WMS용마재고!$L:$L) -> 323 | BN19: =SUMIF(WMS용마재고!$A:$A,"s180-07.00", WMS용마재고!$L:$L) -> 454 | BO19: =SUMIF(WMS용마재고!$A:$A,"s180-07.50", WMS용마재고!$L:$L) -> 223 | BP19: =SUMIF(WMS용마재고!$A:$A,"s180-08.00", WMS용마재고!$L:$L) -> 609 | BQ19: =SUMIF(WMS용마재고!$A:$A,"s180-08.50", WMS용마재고!$L:$L) -> 33 | BR19: =SUMIF(WMS용마재고!$A:$A,"s180-09.00", WMS용마재고!$L:$L) -> 146 | BS19: =SUMIF(WMS용마재고!$A:$A,"s180-09.50", WMS용마재고!$L:$L) -> 77 | BT19: =SUMIF(WMS용마재고!$A:$A,"s180-10.00", WMS용마재고!$L:$L) -> 63 | BU19: =SUMIF(WMS용마재고!$A:$A,"s180-10.50", WMS용마재고!$L:$L) -> 125 | BV19: =SUMIF(WMS용마재고!$A:$A,"s180-11.00", WMS용마재고!$L:$L) -> 99 | BW19: =SUMIF(WMS용마재고!$A:$A,"s180-11.50", WMS용마재고!$L:$L) -> 144 | BX19: =SUMIF(WMS용마재고!$A:$A,"s180-12.00", WMS용마재고!$L:$L) -> 158 | BY19: 0 | BZ19: 132 | CA19: 360 | CB19: 195 | CC19: 365 | CD19: 226 | CE19: 289 | CF19: 335 | CG19: 213 | CH19: 366 | CI19: 293 | CJ19: 285 | CK19: 360 | CL19: 361 | CM19: 425 | CN19: 528 | CO19: 352 | CP19: 410 | CQ19: 325 | CR19: 302 | CS19: 132 | CT19: 295 | CU19: 888 | CV19: 183 | CW19: 323 | CX19: 454 | CY19: 223 | CZ19: 609 | DA19: 33 | DB19: 146 | DC19: 77 | DD19: 63 | DE19: 125 | DF19: 99 | DG19: 144 | DH19: 158 | DI19: =IF(AND(BY19<30, AO19>=30), "증가", "") | DJ19: =IF(AND(BZ19<30, AP19>=30), "증가", "") | DK19: =IF(AND(CA19<30, AQ19>=30), "증가", "") | DL19: =IF(AND(CB19<30, AR19>=30), "증가", "") | DM19: =IF(AND(CC19<30, AS19>=30), "증가", "") | DN19: =IF(AND(CD19<30, AT19>=30), "증가", "") | DO19: =IF(AND(CE19<30, AU19>=30), "증가", "") | DP19: =IF(AND(CF19<30, AV19>=30), "증가", "") | ... ER19: =IF(AND(DH19<30, BX19>=30), "증가", "") | ES19: =IF(AND(AO19<30, BY19>=30), "경고", "") | ET19: =IF(AND(AP19<30, BZ19>=30), "경고", "") | EU19: =IF(AND(AQ19<30, CA19>=30), "경고", "") | EV19: =IF(AND(AR19<30, CB19>=30), "경고", "") | EW19: =IF(AND(AS19<30, CC19>=30), "경고", "") | EX19: =IF(AND(AT19<30, CD19>=30), "경고", "") | EY19: =IF(AND(AU19<30, CE19>=30), "경고", "") | EZ19: =IF(AND(AV19<30, CF19>=30), "경고", "") | ... GB19: =IF(AND(BX19<30, DH19>=30), "경고", "")
A20: 3 | B20: O2O2 1Day_10P | D20: =SUMIF(WMS용마재고!$A:$A,"s653-00.50", WMS용마재고!$L:$L) -> 424 | E20: =SUMIF(WMS용마재고!$A:$A,"s653-00.75", WMS용마재고!$L:$L) -> 496 | F20: =SUMIF(WMS용마재고!$A:$A,"s653-01.00", WMS용마재고!$L:$L) -> 718 | G20: =SUMIF(WMS용마재고!$A:$A,"s653-01.25", WMS용마재고!$L:$L) -> 756 | H20: =SUMIF(WMS용마재고!$A:$A,"s653-01.50", WMS용마재고!$L:$L) -> 448 | I20: =SUMIF(WMS용마재고!$A:$A,"s653-01.75", WMS용마재고!$L:$L) -> 338 | J20: =SUMIF(WMS용마재고!$A:$A,"s653-02.00", WMS용마재고!$L:$L) -> 1190 | K20: =SUMIF(WMS용마재고!$A:$A,"s653-02.25", WMS용마재고!$L:$L) -> 783 | L20: =SUMIF(WMS용마재고!$A:$A,"s653-02.50", WMS용마재고!$L:$L) -> 516 | M20: =SUMIF(WMS용마재고!$A:$A,"s653-02.75", WMS용마재고!$L:$L) -> 613 | N20: =SUMIF(WMS용마재고!$A:$A,"s653-03.00", WMS용마재고!$L:$L) -> 713 | O20: =SUMIF(WMS용마재고!$A:$A,"s653-03.25", WMS용마재고!$L:$L) -> 488 | P20: =SUMIF(WMS용마재고!$A:$A,"s653-03.50", WMS용마재고!$L:$L) -> 717 | Q20: =SUMIF(WMS용마재고!$A:$A,"s653-03.75", WMS용마재고!$L:$L) -> 919 | R20: =SUMIF(WMS용마재고!$A:$A,"s653-04.00", WMS용마재고!$L:$L) -> 314 | S20: =SUMIF(WMS용마재고!$A:$A,"s653-04.25", WMS용마재고!$L:$L) -> 468 | T20: =SUMIF(WMS용마재고!$A:$A,"s653-04.50", WMS용마재고!$L:$L) -> 338 | U20: =SUMIF(WMS용마재고!$A:$A,"s653-04.75", WMS용마재고!$L:$L) -> 556 | V20: =SUMIF(WMS용마재고!$A:$A,"s653-05.00", WMS용마재고!$L:$L) -> 109 | X20: =SUMIF(WMS용마재고!$A:$A,"s653-05.50", WMS용마재고!$L:$L) -> 178 | Z20: =SUMIF(WMS용마재고!$A:$A,"s653-06.00", WMS용마재고!$L:$L) -> 512 | AA20: =SUMIF(WMS용마재고!$A:$A,"s653-06.50", WMS용마재고!$L:$L) -> 854 | AB20: =SUMIF(WMS용마재고!$A:$A,"s653-07.00", WMS용마재고!$L:$L) -> 1126 | AC20: =SUMIF(WMS용마재고!$A:$A,"s653-07.50", WMS용마재고!$L:$L) -> 82 | AD20: =SUMIF(WMS용마재고!$A:$A,"s653-08.00", WMS용마재고!$L:$L) -> 66 | AE20: =SUMIF(WMS용마재고!$A:$A,"s653-08.50", WMS용마재고!$L:$L) -> 360 | AF20: =SUMIF(WMS용마재고!$A:$A,"s653-09.00", WMS용마재고!$L:$L) -> 233 | AG20: =SUMIF(WMS용마재고!$A:$A,"s653-09.50", WMS용마재고!$L:$L) -> 239 | AH20: =SUMIF(WMS용마재고!$A:$A,"s653-10.00", WMS용마재고!$L:$L) -> 392 | AI20: =SUMIF(WMS용마재고!$A:$A,"s653-10.50", WMS용마재고!$L:$L) -> 189 | AJ20: =SUMIF(WMS용마재고!$A:$A,"s653-11.00", WMS용마재고!$L:$L) -> 160 | AK20: =SUMIF(WMS용마재고!$A:$A,"s653-11.50", WMS용마재고!$L:$L) -> 215 | AL20: =SUMIF(WMS용마재고!$A:$A,"s653-12.00", WMS용마재고!$L:$L) -> 195 | AN20: O2O2 1Day_10P-11.0 | AO20: =SUMIF(WMS용마재고!$A:$A,"s653-00.00", WMS용마재고!$L:$L) -> 0 | AP20: =SUMIF(WMS용마재고!$A:$A,"s653-00.50", WMS용마재고!$L:$L) -> 424 | AQ20: =SUMIF(WMS용마재고!$A:$A,"s653-00.75", WMS용마재고!$L:$L) -> 496 | AR20: =SUMIF(WMS용마재고!$A:$A,"s653-01.00", WMS용마재고!$L:$L) -> 718 | AS20: =SUMIF(WMS용마재고!$A:$A,"s653-01.25", WMS용마재고!$L:$L) -> 756 | AT20: =SUMIF(WMS용마재고!$A:$A,"s653-01.50", WMS용마재고!$L:$L) -> 448 | AU20: =SUMIF(WMS용마재고!$A:$A,"s653-01.75", WMS용마재고!$L:$L) -> 338 | AV20: =SUMIF(WMS용마재고!$A:$A,"s653-02.00", WMS용마재고!$L:$L) -> 1190 | AW20: =SUMIF(WMS용마재고!$A:$A,"s653-02.25", WMS용마재고!$L:$L) -> 783 | AX20: =SUMIF(WMS용마재고!$A:$A,"s653-02.50", WMS용마재고!$L:$L) -> 516 | AY20: =SUMIF(WMS용마재고!$A:$A,"s653-02.75", WMS용마재고!$L:$L) -> 613 | AZ20: =SUMIF(WMS용마재고!$A:$A,"s653-03.00", WMS용마재고!$L:$L) -> 713 | BA20: =SUMIF(WMS용마재고!$A:$A,"s653-03.25", WMS용마재고!$L:$L) -> 488 | BB20: =SUMIF(WMS용마재고!$A:$A,"s653-03.50", WMS용마재고!$L:$L) -> 717 | BC20: =SUMIF(WMS용마재고!$A:$A,"s653-03.75", WMS용마재고!$L:$L) -> 919 | BD20: =SUMIF(WMS용마재고!$A:$A,"s653-04.00", WMS용마재고!$L:$L) -> 314 | BE20: =SUMIF(WMS용마재고!$A:$A,"s653-04.25", WMS용마재고!$L:$L) -> 468 | BF20: =SUMIF(WMS용마재고!$A:$A,"s653-04.50", WMS용마재고!$L:$L) -> 338 | BG20: =SUMIF(WMS용마재고!$A:$A,"s653-04.75", WMS용마재고!$L:$L) -> 556 | BH20: =SUMIF(WMS용마재고!$A:$A,"s653-05.00", WMS용마재고!$L:$L) -> 109 | BI20: =SUMIF(WMS용마재고!$A:$A,"s653-05.25", WMS용마재고!$L:$L) -> 0 | BJ20: =SUMIF(WMS용마재고!$A:$A,"s653-05.50", WMS용마재고!$L:$L) -> 178 | BK20: =SUMIF(WMS용마재고!$A:$A,"s653-05.75", WMS용마재고!$L:$L) -> 0 | BL20: =SUMIF(WMS용마재고!$A:$A,"s653-06.00", WMS용마재고!$L:$L) -> 512 | BM20: =SUMIF(WMS용마재고!$A:$A,"s653-06.50", WMS용마재고!$L:$L) -> 854 | BN20: =SUMIF(WMS용마재고!$A:$A,"s653-07.00", WMS용마재고!$L:$L) -> 1126 | BO20: =SUMIF(WMS용마재고!$A:$A,"s653-07.50", WMS용마재고!$L:$L) -> 82 | BP20: =SUMIF(WMS용마재고!$A:$A,"s653-08.00", WMS용마재고!$L:$L) -> 66 | BQ20: =SUMIF(WMS용마재고!$A:$A,"s653-08.50", WMS용마재고!$L:$L) -> 360 | BR20: =SUMIF(WMS용마재고!$A:$A,"s653-09.00", WMS용마재고!$L:$L) -> 233 | BS20: =SUMIF(WMS용마재고!$A:$A,"s653-09.50", WMS용마재고!$L:$L) -> 239 | BT20: =SUMIF(WMS용마재고!$A:$A,"s653-10.00", WMS용마재고!$L:$L) -> 392 | BU20: =SUMIF(WMS용마재고!$A:$A,"s653-10.50", WMS용마재고!$L:$L) -> 189 | BV20: =SUMIF(WMS용마재고!$A:$A,"s653-11.00", WMS용마재고!$L:$L) -> 160 | BW20: =SUMIF(WMS용마재고!$A:$A,"s653-11.50", WMS용마재고!$L:$L) -> 215 | BX20: =SUMIF(WMS용마재고!$A:$A,"s653-12.00", WMS용마재고!$L:$L) -> 195 | BY20: 0 | BZ20: 424 | CA20: 496 | CB20: 718 | CC20: 756 | CD20: 448 | CE20: 338 | CF20: 1190 | CG20: 783 | CH20: 516 | CI20: 613 | CJ20: 713 | CK20: 488 | CL20: 717 | CM20: 919 | CN20: 314 | CO20: 468 | CP20: 338 | CQ20: 556 | CR20: 109 | CS20: 0 | CT20: 178 | CU20: 0 | CV20: 512 | CW20: 854 | CX20: 1126 | CY20: 82 | CZ20: 66 | DA20: 360 | DB20: 233 | DC20: 239 | DD20: 392 | DE20: 189 | DF20: 160 | DG20: 215 | DH20: 195 | DI20: =IF(AND(BY20<20, AO20>=20), "증가", "") | DJ20: =IF(AND(BZ20<20, AP20>=20), "증가", "") | DK20: =IF(AND(CA20<20, AQ20>=20), "증가", "") | DL20: =IF(AND(CB20<20, AR20>=20), "증가", "") | DM20: =IF(AND(CC20<20, AS20>=20), "증가", "") | DN20: =IF(AND(CD20<20, AT20>=20), "증가", "") | DO20: =IF(AND(CE20<20, AU20>=20), "증가", "") | DP20: =IF(AND(CF20<20, AV20>=20), "증가", "") | ... ER20: =IF(AND(DH20<20, BX20>=20), "증가", "") | ES20: =IF(AND(AO20<30, BY20>=30), "경고", "") | ET20: =IF(AND(AP20<30, BZ20>=30), "경고", "") | EU20: =IF(AND(AQ20<30, CA20>=30), "경고", "") | EV20: =IF(AND(AR20<30, CB20>=30), "경고", "") | EW20: =IF(AND(AS20<30, CC20>=30), "경고", "") | EX20: =IF(AND(AT20<30, CD20>=30), "경고", "") | EY20: =IF(AND(AU20<30, CE20>=30), "경고", "") | EZ20: =IF(AND(AV20<30, CF20>=30), "경고", "") | ... GB20: =IF(AND(BX20<30, DH20>=30), "경고", "")
A21: 4 | B21: O2O2 1Day_40P | D21: =SUMIF(WMS용마재고!$A:$A,"S637-00.50", WMS용마재고!$L:$L) -> 6339 | E21: =SUMIF(WMS용마재고!$A:$A,"S637-00.75", WMS용마재고!$L:$L) -> 4242 | F21: =SUMIF(WMS용마재고!$A:$A,"S637-01.00", WMS용마재고!$L:$L) -> 5412 | G21: =SUMIF(WMS용마재고!$A:$A,"S637-01.25", WMS용마재고!$L:$L) -> 2025 | H21: =SUMIF(WMS용마재고!$A:$A,"S637-01.50", WMS용마재고!$L:$L) -> 3008 | I21: =SUMIF(WMS용마재고!$A:$A,"S637-01.75", WMS용마재고!$L:$L) -> 1547 | J21: =SUMIF(WMS용마재고!$A:$A,"S637-02.00", WMS용마재고!$L:$L) -> 1131 | K21: =SUMIF(WMS용마재고!$A:$A,"S637-02.25", WMS용마재고!$L:$L) -> 1290 | L21: =SUMIF(WMS용마재고!$A:$A,"S637-02.50", WMS용마재고!$L:$L) -> 765 | M21: =SUMIF(WMS용마재고!$A:$A,"S637-02.75", WMS용마재고!$L:$L) -> 917 | N21: =SUMIF(WMS용마재고!$A:$A,"S637-03.00", WMS용마재고!$L:$L) -> 1692 | O21: =SUMIF(WMS용마재고!$A:$A,"S637-03.25", WMS용마재고!$L:$L) -> 1704 | P21: =SUMIF(WMS용마재고!$A:$A,"S637-03.50", WMS용마재고!$L:$L) -> 1002 | Q21: =SUMIF(WMS용마재고!$A:$A,"S637-03.75", WMS용마재고!$L:$L) -> 526 | R21: =SUMIF(WMS용마재고!$A:$A,"S637-04.00", WMS용마재고!$L:$L) -> 1810 | S21: =SUMIF(WMS용마재고!$A:$A,"S637-04.25", WMS용마재고!$L:$L) -> 1427 | T21: =SUMIF(WMS용마재고!$A:$A,"S637-04.50", WMS용마재고!$L:$L) -> 2122 | U21: =SUMIF(WMS용마재고!$A:$A,"S637-04.75", WMS용마재고!$L:$L) -> 2158 | V21: =SUMIF(WMS용마재고!$A:$A,"S637-05.00", WMS용마재고!$L:$L) -> 1990 | X21: =SUMIF(WMS용마재고!$A:$A,"S637-05.50", WMS용마재고!$L:$L) -> 1476 | Z21: =SUMIF(WMS용마재고!$A:$A,"S637-06.00", WMS용마재고!$L:$L) -> 2058 | AA21: =SUMIF(WMS용마재고!$A:$A,"S637-06.50", WMS용마재고!$L:$L) -> 2311 | AB21: =SUMIF(WMS용마재고!$A:$A,"S637-07.00", WMS용마재고!$L:$L) -> 2794 | AC21: =SUMIF(WMS용마재고!$A:$A,"S637-07.50", WMS용마재고!$L:$L) -> 2814 | AD21: =SUMIF(WMS용마재고!$A:$A,"S637-08.00", WMS용마재고!$L:$L) -> 2967 | AE21: =SUMIF(WMS용마재고!$A:$A,"S637-08.50", WMS용마재고!$L:$L) -> 2823 | AF21: =SUMIF(WMS용마재고!$A:$A,"S637-09.00", WMS용마재고!$L:$L) -> 2935 | AG21: =SUMIF(WMS용마재고!$A:$A,"S637-09.50", WMS용마재고!$L:$L) -> 1989 | AH21: =SUMIF(WMS용마재고!$A:$A,"S637-10.00", WMS용마재고!$L:$L) -> 2111 | AI21: =SUMIF(WMS용마재고!$A:$A,"S637-10.50", WMS용마재고!$L:$L) -> 726 | AJ21: =SUMIF(WMS용마재고!$A:$A,"S637-11.00", WMS용마재고!$L:$L) -> 1283 | AK21: =SUMIF(WMS용마재고!$A:$A,"S637-11.50", WMS용마재고!$L:$L) -> 1228 | AL21: =SUMIF(WMS용마재고!$A:$A,"S637-12.00", WMS용마재고!$L:$L) -> 978 | AN21: O2O2 1Day_40P-11.0 | AO21: =SUMIF(WMS용마재고!$A:$A,"S637-00.00", WMS용마재고!$L:$L) -> 0 | AP21: =SUMIF(WMS용마재고!$A:$A,"S637-00.50", WMS용마재고!$L:$L) -> 6339 | AQ21: =SUMIF(WMS용마재고!$A:$A,"S637-00.75", WMS용마재고!$L:$L) -> 4242 | AR21: =SUMIF(WMS용마재고!$A:$A,"S637-01.00", WMS용마재고!$L:$L) -> 5412 | AS21: =SUMIF(WMS용마재고!$A:$A,"S637-01.25", WMS용마재고!$L:$L) -> 2025 | AT21: =SUMIF(WMS용마재고!$A:$A,"S637-01.50", WMS용마재고!$L:$L) -> 3008 | AU21: =SUMIF(WMS용마재고!$A:$A,"S637-01.75", WMS용마재고!$L:$L) -> 1547 | AV21: =SUMIF(WMS용마재고!$A:$A,"S637-02.00", WMS용마재고!$L:$L) -> 1131 | AW21: =SUMIF(WMS용마재고!$A:$A,"S637-02.25", WMS용마재고!$L:$L) -> 1290 | AX21: =SUMIF(WMS용마재고!$A:$A,"S637-02.50", WMS용마재고!$L:$L) -> 765 | AY21: =SUMIF(WMS용마재고!$A:$A,"S637-02.75", WMS용마재고!$L:$L) -> 917 | AZ21: =SUMIF(WMS용마재고!$A:$A,"S637-03.00", WMS용마재고!$L:$L) -> 1692 | BA21: =SUMIF(WMS용마재고!$A:$A,"S637-03.25", WMS용마재고!$L:$L) -> 1704 | BB21: =SUMIF(WMS용마재고!$A:$A,"S637-03.50", WMS용마재고!$L:$L) -> 1002 | BC21: =SUMIF(WMS용마재고!$A:$A,"S637-03.75", WMS용마재고!$L:$L) -> 526 | BD21: =SUMIF(WMS용마재고!$A:$A,"S637-04.00", WMS용마재고!$L:$L) -> 1810 | BE21: =SUMIF(WMS용마재고!$A:$A,"S637-04.25", WMS용마재고!$L:$L) -> 1427 | BF21: =SUMIF(WMS용마재고!$A:$A,"S637-04.50", WMS용마재고!$L:$L) -> 2122 | BG21: =SUMIF(WMS용마재고!$A:$A,"S637-04.75", WMS용마재고!$L:$L) -> 2158 | BH21: =SUMIF(WMS용마재고!$A:$A,"S637-05.00", WMS용마재고!$L:$L) -> 1990 | BI21: =SUMIF(WMS용마재고!$A:$A,"S637-05.25", WMS용마재고!$L:$L) -> 0 | BJ21: =SUMIF(WMS용마재고!$A:$A,"S637-05.50", WMS용마재고!$L:$L) -> 1476 | BK21: =SUMIF(WMS용마재고!$A:$A,"S637-05.75", WMS용마재고!$L:$L) -> 0 | BL21: =SUMIF(WMS용마재고!$A:$A,"S637-06.00", WMS용마재고!$L:$L) -> 2058 | BM21: =SUMIF(WMS용마재고!$A:$A,"S637-06.50", WMS용마재고!$L:$L) -> 2311 | BN21: =SUMIF(WMS용마재고!$A:$A,"S637-07.00", WMS용마재고!$L:$L) -> 2794 | BO21: =SUMIF(WMS용마재고!$A:$A,"S637-07.50", WMS용마재고!$L:$L) -> 2814 | BP21: =SUMIF(WMS용마재고!$A:$A,"S637-08.00", WMS용마재고!$L:$L) -> 2967 | BQ21: =SUMIF(WMS용마재고!$A:$A,"S637-08.50", WMS용마재고!$L:$L) -> 2823 | BR21: =SUMIF(WMS용마재고!$A:$A,"S637-09.00", WMS용마재고!$L:$L) -> 2935 | BS21: =SUMIF(WMS용마재고!$A:$A,"S637-09.50", WMS용마재고!$L:$L) -> 1989 | BT21: =SUMIF(WMS용마재고!$A:$A,"S637-10.00", WMS용마재고!$L:$L) -> 2111 | BU21: =SUMIF(WMS용마재고!$A:$A,"S637-10.50", WMS용마재고!$L:$L) -> 726 | BV21: =SUMIF(WMS용마재고!$A:$A,"S637-11.00", WMS용마재고!$L:$L) -> 1283 | BW21: =SUMIF(WMS용마재고!$A:$A,"S637-11.50", WMS용마재고!$L:$L) -> 1228 | BX21: =SUMIF(WMS용마재고!$A:$A,"S637-12.00", WMS용마재고!$L:$L) -> 978 | BY21: 0 | BZ21: 6339 | CA21: 4242 | CB21: 5412 | CC21: 2025 | CD21: 3008 | CE21: 1547 | CF21: 1131 | CG21: 1290 | CH21: 765 | CI21: 917 | CJ21: 1692 | CK21: 1704 | CL21: 1002 | CM21: 526 | CN21: 1810 | CO21: 1427 | CP21: 2122 | CQ21: 2158 | CR21: 1990 | CS21: 0 | CT21: 1476 | CU21: 0 | CV21: 2058 | CW21: 2311 | CX21: 2794 | CY21: 2814 | CZ21: 2967 | DA21: 2823 | DB21: 2935 | DC21: 1989 | DD21: 2111 | DE21: 726 | DF21: 1283 | DG21: 1228 | DH21: 978 | DI21: =IF(AND(BY21<30, AO21>=30), "증가", "") | DJ21: =IF(AND(BZ21<30, AP21>=30), "증가", "") | DK21: =IF(AND(CA21<30, AQ21>=30), "증가", "") | DL21: =IF(AND(CB21<30, AR21>=30), "증가", "") | DM21: =IF(AND(CC21<30, AS21>=30), "증가", "") | DN21: =IF(AND(CD21<30, AT21>=30), "증가", "") | DO21: =IF(AND(CE21<30, AU21>=30), "증가", "") | DP21: =IF(AND(CF21<30, AV21>=30), "증가", "") | ... ER21: =IF(AND(DH21<30, BX21>=30), "증가", "") | ES21: =IF(AND(AO21<30, BY21>=30), "경고", "") | ET21: =IF(AND(AP21<30, BZ21>=30), "경고", "") | EU21: =IF(AND(AQ21<30, CA21>=30), "경고", "") | EV21: =IF(AND(AR21<30, CB21>=30), "경고", "") | EW21: =IF(AND(AS21<30, CC21>=30), "경고", "") | EX21: =IF(AND(AT21<30, CD21>=30), "경고", "") | EY21: =IF(AND(AU21<30, CE21>=30), "경고", "") | EZ21: =IF(AND(AV21<30, CF21>=30), "경고", "") | ... GB21: =IF(AND(BX21<30, DH21>=30), "경고", "")
A22: 5 | B22: O2O2 1Day_30P | D22: =SUMIF(WMS용마재고!$A:$A,"S654-00.50", WMS용마재고!$L:$L) -> 514 | E22: =SUMIF(WMS용마재고!$A:$A,"S654-00.75", WMS용마재고!$L:$L) -> 434 | F22: =SUMIF(WMS용마재고!$A:$A,"S654-01.00", WMS용마재고!$L:$L) -> 315 | G22: =SUMIF(WMS용마재고!$A:$A,"S654-01.25", WMS용마재고!$L:$L) -> 699 | H22: =SUMIF(WMS용마재고!$A:$A,"S654-01.50", WMS용마재고!$L:$L) -> 377 | I22: =SUMIF(WMS용마재고!$A:$A,"S654-01.75", WMS용마재고!$L:$L) -> 298 | J22: =SUMIF(WMS용마재고!$A:$A,"S654-02.00", WMS용마재고!$L:$L) -> 360 | K22: =SUMIF(WMS용마재고!$A:$A,"S654-02.25", WMS용마재고!$L:$L) -> 306 | L22: =SUMIF(WMS용마재고!$A:$A,"S654-02.50", WMS용마재고!$L:$L) -> 1198 | M22: =SUMIF(WMS용마재고!$A:$A,"S654-02.75", WMS용마재고!$L:$L) -> 352 | N22: =SUMIF(WMS용마재고!$A:$A,"S654-03.00", WMS용마재고!$L:$L) -> 298 | O22: =SUMIF(WMS용마재고!$A:$A,"S654-03.25", WMS용마재고!$L:$L) -> 356 | P22: =SUMIF(WMS용마재고!$A:$A,"S654-03.50", WMS용마재고!$L:$L) -> 346 | Q22: =SUMIF(WMS용마재고!$A:$A,"S654-03.75", WMS용마재고!$L:$L) -> 317 | R22: =SUMIF(WMS용마재고!$A:$A,"S654-04.00", WMS용마재고!$L:$L) -> 389 | S22: =SUMIF(WMS용마재고!$A:$A,"S654-04.25", WMS용마재고!$L:$L) -> 306 | T22: =SUMIF(WMS용마재고!$A:$A,"S654-04.50", WMS용마재고!$L:$L) -> 312 | U22: =SUMIF(WMS용마재고!$A:$A,"S654-04.75", WMS용마재고!$L:$L) -> 278 | V22: =SUMIF(WMS용마재고!$A:$A,"S654-05.00", WMS용마재고!$L:$L) -> 314 | X22: =SUMIF(WMS용마재고!$A:$A,"S654-05.50", WMS용마재고!$L:$L) -> 306 | Z22: =SUMIF(WMS용마재고!$A:$A,"S654-06.00", WMS용마재고!$L:$L) -> 332 | AA22: =SUMIF(WMS용마재고!$A:$A,"S654-06.50", WMS용마재고!$L:$L) -> 349 | AB22: =SUMIF(WMS용마재고!$A:$A,"S654-07.00", WMS용마재고!$L:$L) -> 293 | AC22: =SUMIF(WMS용마재고!$A:$A,"S654-07.50", WMS용마재고!$L:$L) -> 164 | AD22: =SUMIF(WMS용마재고!$A:$A,"S654-08.00", WMS용마재고!$L:$L) -> 161 | AE22: =SUMIF(WMS용마재고!$A:$A,"S654-08.50", WMS용마재고!$L:$L) -> 943 | AF22: =SUMIF(WMS용마재고!$A:$A,"S654-09.00", WMS용마재고!$L:$L) -> 284 | AG22: =SUMIF(WMS용마재고!$A:$A,"S654-09.50", WMS용마재고!$L:$L) -> 299 | AH22: =SUMIF(WMS용마재고!$A:$A,"S654-10.00", WMS용마재고!$L:$L) -> 87 | AI22: =SUMIF(WMS용마재고!$A:$A,"S654-10.50", WMS용마재고!$L:$L) -> 629 | AJ22: =SUMIF(WMS용마재고!$A:$A,"S654-11.00", WMS용마재고!$L:$L) -> 111 | AK22: =SUMIF(WMS용마재고!$A:$A,"S654-11.50", WMS용마재고!$L:$L) -> 52 | AL22: =SUMIF(WMS용마재고!$A:$A,"S654-12.00", WMS용마재고!$L:$L) -> 91 | AN22: Clalen O2O2 1Day_30P | AO22: =SUMIF(WMS용마재고!$A:$A,"S654-00.00", WMS용마재고!$L:$L) -> 0 | AP22: =SUMIF(WMS용마재고!$A:$A,"S654-00.50", WMS용마재고!$L:$L) -> 514 | AQ22: =SUMIF(WMS용마재고!$A:$A,"S654-00.75", WMS용마재고!$L:$L) -> 434 | AR22: =SUMIF(WMS용마재고!$A:$A,"S654-01.00", WMS용마재고!$L:$L) -> 315 | AS22: =SUMIF(WMS용마재고!$A:$A,"S654-01.25", WMS용마재고!$L:$L) -> 699 | AT22: =SUMIF(WMS용마재고!$A:$A,"S654-01.50", WMS용마재고!$L:$L) -> 377 | AU22: =SUMIF(WMS용마재고!$A:$A,"S654-01.75", WMS용마재고!$L:$L) -> 298 | AV22: =SUMIF(WMS용마재고!$A:$A,"S654-02.00", WMS용마재고!$L:$L) -> 360 | AW22: =SUMIF(WMS용마재고!$A:$A,"S654-02.25", WMS용마재고!$L:$L) -> 306 | AX22: =SUMIF(WMS용마재고!$A:$A,"S654-02.50", WMS용마재고!$L:$L) -> 1198 | AY22: =SUMIF(WMS용마재고!$A:$A,"S654-02.75", WMS용마재고!$L:$L) -> 352 | AZ22: =SUMIF(WMS용마재고!$A:$A,"S654-03.00", WMS용마재고!$L:$L) -> 298 | BA22: =SUMIF(WMS용마재고!$A:$A,"S654-03.25", WMS용마재고!$L:$L) -> 356 | BB22: =SUMIF(WMS용마재고!$A:$A,"S654-03.50", WMS용마재고!$L:$L) -> 346 | BC22: =SUMIF(WMS용마재고!$A:$A,"S654-03.75", WMS용마재고!$L:$L) -> 317 | BD22: =SUMIF(WMS용마재고!$A:$A,"S654-04.00", WMS용마재고!$L:$L) -> 389 | BE22: =SUMIF(WMS용마재고!$A:$A,"S654-04.25", WMS용마재고!$L:$L) -> 306 | BF22: =SUMIF(WMS용마재고!$A:$A,"S654-04.50", WMS용마재고!$L:$L) -> 312 | BG22: =SUMIF(WMS용마재고!$A:$A,"S654-04.75", WMS용마재고!$L:$L) -> 278 | BH22: =SUMIF(WMS용마재고!$A:$A,"S654-05.00", WMS용마재고!$L:$L) -> 314 | BI22: =SUMIF(WMS용마재고!$A:$A,"S654-05.25", WMS용마재고!$L:$L) -> 0 | BJ22: =SUMIF(WMS용마재고!$A:$A,"S654-05.50", WMS용마재고!$L:$L) -> 306 | BK22: =SUMIF(WMS용마재고!$A:$A,"S654-05.75", WMS용마재고!$L:$L) -> 0 | BL22: =SUMIF(WMS용마재고!$A:$A,"S654-06.00", WMS용마재고!$L:$L) -> 332 | BM22: =SUMIF(WMS용마재고!$A:$A,"S654-06.50", WMS용마재고!$L:$L) -> 349 | BN22: =SUMIF(WMS용마재고!$A:$A,"S654-07.00", WMS용마재고!$L:$L) -> 293 | BO22: =SUMIF(WMS용마재고!$A:$A,"S654-07.50", WMS용마재고!$L:$L) -> 164 | BP22: =SUMIF(WMS용마재고!$A:$A,"S654-08.00", WMS용마재고!$L:$L) -> 161 | BQ22: =SUMIF(WMS용마재고!$A:$A,"S654-08.50", WMS용마재고!$L:$L) -> 943 | BR22: =SUMIF(WMS용마재고!$A:$A,"S654-09.00", WMS용마재고!$L:$L) -> 284 | BS22: =SUMIF(WMS용마재고!$A:$A,"S654-09.50", WMS용마재고!$L:$L) -> 299 | BT22: =SUMIF(WMS용마재고!$A:$A,"S654-10.00", WMS용마재고!$L:$L) -> 87 | BU22: =SUMIF(WMS용마재고!$A:$A,"S654-10.50", WMS용마재고!$L:$L) -> 629 | BV22: =SUMIF(WMS용마재고!$A:$A,"S654-11.00", WMS용마재고!$L:$L) -> 111 | BW22: =SUMIF(WMS용마재고!$A:$A,"S654-11.50", WMS용마재고!$L:$L) -> 52 | BX22: =SUMIF(WMS용마재고!$A:$A,"S654-12.00", WMS용마재고!$L:$L) -> 91 | BY22: 0 | BZ22: 514 | CA22: 434 | CB22: 315 | CC22: 699 | CD22: 377 | CE22: 298 | CF22: 360 | CG22: 306 | CH22: 1198 | CI22: 352 | CJ22: 298 | CK22: 356 | CL22: 346 | CM22: 317 | CN22: 389 | CO22: 306 | CP22: 312 | CQ22: 278 | CR22: 314 | CS22: 0 | CT22: 306 | CU22: 0 | CV22: 332 | CW22: 349 | CX22: 293 | CY22: 164 | CZ22: 161 | DA22: 943 | DB22: 284 | DC22: 299 | DD22: 87 | DE22: 629 | DF22: 111 | DG22: 52 | DH22: 91 | DI22: =IF(AND(BY22<30, AO22>=30), "증가", "") | DJ22: =IF(AND(BZ22<30, AP22>=30), "증가", "") | DK22: =IF(AND(CA22<30, AQ22>=30), "증가", "") | DL22: =IF(AND(CB22<30, AR22>=30), "증가", "") | DM22: =IF(AND(CC22<30, AS22>=30), "증가", "") | DN22: =IF(AND(CD22<30, AT22>=30), "증가", "") | DO22: =IF(AND(CE22<30, AU22>=30), "증가", "") | DP22: =IF(AND(CF22<30, AV22>=30), "증가", "") | ... ER22: =IF(AND(DH22<30, BX22>=30), "증가", "") | ES22: =IF(AND(AO22<30, BY22>=30), "경고", "") | ET22: =IF(AND(AP22<30, BZ22>=30), "경고", "") | EU22: =IF(AND(AQ22<30, CA22>=30), "경고", "") | EV22: =IF(AND(AR22<30, CB22>=30), "경고", "") | EW22: =IF(AND(AS22<30, CC22>=30), "경고", "") | EX22: =IF(AND(AT22<30, CD22>=30), "경고", "") | EY22: =IF(AND(AU22<30, CE22>=30), "경고", "") | EZ22: =IF(AND(AV22<30, CF22>=30), "경고", "") | ... GB22: =IF(AND(BX22<30, DH22>=30), "경고", "")
A23: 6 | B23: 프리덤 30p | C23: =SUMIF(WMS용마재고!$A:$A,"S194-00.00", WMS용마재고!$L:$L) -> 212 | D23: =SUMIF(WMS용마재고!$A:$A,"S194-00.50", WMS용마재고!$L:$L) -> 2806 | E23: =SUMIF(WMS용마재고!$A:$A,"S194-00.75", WMS용마재고!$L:$L) -> 2468 | F23: =SUMIF(WMS용마재고!$A:$A,"S194-01.00", WMS용마재고!$L:$L) -> 123 | G23: =SUMIF(WMS용마재고!$A:$A,"S194-01.25", WMS용마재고!$L:$L) -> 384 | H23: =SUMIF(WMS용마재고!$A:$A,"S194-01.50", WMS용마재고!$L:$L) -> 120 | I23: =SUMIF(WMS용마재고!$A:$A,"S194-01.75", WMS용마재고!$L:$L) -> 233 | J23: =SUMIF(WMS용마재고!$A:$A,"S194-02.00", WMS용마재고!$L:$L) -> 103 | K23: =SUMIF(WMS용마재고!$A:$A,"S194-02.25", WMS용마재고!$L:$L) -> 128 | L23: =SUMIF(WMS용마재고!$A:$A,"S194-02.50", WMS용마재고!$L:$L) -> 69 | M23: =SUMIF(WMS용마재고!$A:$A,"S194-02.75", WMS용마재고!$L:$L) -> 108 | N23: =SUMIF(WMS용마재고!$A:$A,"S194-03.00", WMS용마재고!$L:$L) -> 96 | O23: =SUMIF(WMS용마재고!$A:$A,"S194-03.25", WMS용마재고!$L:$L) -> 152 | P23: =SUMIF(WMS용마재고!$A:$A,"S194-03.50", WMS용마재고!$L:$L) -> 102 | Q23: =SUMIF(WMS용마재고!$A:$A,"S194-03.75", WMS용마재고!$L:$L) -> 311 | R23: =SUMIF(WMS용마재고!$A:$A,"S194-04.00", WMS용마재고!$L:$L) -> 108 | S23: =SUMIF(WMS용마재고!$A:$A,"S194-04.25", WMS용마재고!$L:$L) -> 91 | T23: =SUMIF(WMS용마재고!$A:$A,"S194-04.50", WMS용마재고!$L:$L) -> 146 | U23: =SUMIF(WMS용마재고!$A:$A,"S194-04.75", WMS용마재고!$L:$L) -> 116 | V23: =SUMIF(WMS용마재고!$A:$A,"S194-05.00", WMS용마재고!$L:$L) -> 83 | W23: =SUMIF(WMS용마재고!$A:$A,"S194-05.25", WMS용마재고!$L:$L) -> 236 | X23: =SUMIF(WMS용마재고!$A:$A,"S194-05.50", WMS용마재고!$L:$L) -> 68 | Y23: =SUMIF(WMS용마재고!$A:$A,"S194-05.75", WMS용마재고!$L:$L) -> 994 | Z23: =SUMIF(WMS용마재고!$A:$A,"S194-06.00", WMS용마재고!$L:$L) -> 269 | AA23: =SUMIF(WMS용마재고!$A:$A,"S194-06.50", WMS용마재고!$L:$L) -> 123 | AB23: =SUMIF(WMS용마재고!$A:$A,"S194-07.00", WMS용마재고!$L:$L) -> 200 | AC23: =SUMIF(WMS용마재고!$A:$A,"S194-07.50", WMS용마재고!$L:$L) -> 183 | AD23: =SUMIF(WMS용마재고!$A:$A,"S194-08.00", WMS용마재고!$L:$L) -> 308 | AE23: =SUMIF(WMS용마재고!$A:$A,"S194-08.50", WMS용마재고!$L:$L) -> 302 | AF23: =SUMIF(WMS용마재고!$A:$A,"S194-09.00", WMS용마재고!$L:$L) -> 87 | AG23: =SUMIF(WMS용마재고!$A:$A,"S194-09.50", WMS용마재고!$L:$L) -> 263 | AH23: =SUMIF(WMS용마재고!$A:$A,"S194-10.00", WMS용마재고!$L:$L) -> 226 | AN23: 프리덤 30p | AO23: =SUMIF(WMS용마재고!$A:$A,"S194-00.00", WMS용마재고!$L:$L) -> 212 | AP23: =SUMIF(WMS용마재고!$A:$A,"S194-00.50", WMS용마재고!$L:$L) -> 2806 | AQ23: =SUMIF(WMS용마재고!$A:$A,"S194-00.75", WMS용마재고!$L:$L) -> 2468 | AR23: =SUMIF(WMS용마재고!$A:$A,"S194-01.00", WMS용마재고!$L:$L) -> 123 | AS23: =SUMIF(WMS용마재고!$A:$A,"S194-01.25", WMS용마재고!$L:$L) -> 384 | AT23: =SUMIF(WMS용마재고!$A:$A,"S194-01.50", WMS용마재고!$L:$L) -> 120 | AU23: =SUMIF(WMS용마재고!$A:$A,"S194-01.75", WMS용마재고!$L:$L) -> 233 | AV23: =SUMIF(WMS용마재고!$A:$A,"S194-02.00", WMS용마재고!$L:$L) -> 103 | AW23: =SUMIF(WMS용마재고!$A:$A,"S194-02.25", WMS용마재고!$L:$L) -> 128 | AX23: =SUMIF(WMS용마재고!$A:$A,"S194-02.50", WMS용마재고!$L:$L) -> 69 | AY23: =SUMIF(WMS용마재고!$A:$A,"S194-02.75", WMS용마재고!$L:$L) -> 108 | AZ23: =SUMIF(WMS용마재고!$A:$A,"S194-03.00", WMS용마재고!$L:$L) -> 96 | BA23: =SUMIF(WMS용마재고!$A:$A,"S194-03.25", WMS용마재고!$L:$L) -> 152 | BB23: =SUMIF(WMS용마재고!$A:$A,"S194-03.50", WMS용마재고!$L:$L) -> 102 | BC23: =SUMIF(WMS용마재고!$A:$A,"S194-03.75", WMS용마재고!$L:$L) -> 311 | BD23: =SUMIF(WMS용마재고!$A:$A,"S194-04.00", WMS용마재고!$L:$L) -> 108 | BE23: =SUMIF(WMS용마재고!$A:$A,"S194-04.25", WMS용마재고!$L:$L) -> 91 | BF23: =SUMIF(WMS용마재고!$A:$A,"S194-04.50", WMS용마재고!$L:$L) -> 146 | BG23: =SUMIF(WMS용마재고!$A:$A,"S194-04.75", WMS용마재고!$L:$L) -> 116 | BH23: =SUMIF(WMS용마재고!$A:$A,"S194-05.00", WMS용마재고!$L:$L) -> 83 | BI23: =SUMIF(WMS용마재고!$A:$A,"S194-05.25", WMS용마재고!$L:$L) -> 236 | BJ23: =SUMIF(WMS용마재고!$A:$A,"S194-05.50", WMS용마재고!$L:$L) -> 68 | BK23: =SUMIF(WMS용마재고!$A:$A,"S194-05.75", WMS용마재고!$L:$L) -> 994 | BL23: =SUMIF(WMS용마재고!$A:$A,"S194-06.00", WMS용마재고!$L:$L) -> 269 | BM23: =SUMIF(WMS용마재고!$A:$A,"S194-06.50", WMS용마재고!$L:$L) -> 123 | BN23: =SUMIF(WMS용마재고!$A:$A,"S194-07.00", WMS용마재고!$L:$L) -> 200 | BO23: =SUMIF(WMS용마재고!$A:$A,"S194-07.50", WMS용마재고!$L:$L) -> 183 | BP23: =SUMIF(WMS용마재고!$A:$A,"S194-08.00", WMS용마재고!$L:$L) -> 308 | BQ23: =SUMIF(WMS용마재고!$A:$A,"S194-08.50", WMS용마재고!$L:$L) -> 302 | BR23: =SUMIF(WMS용마재고!$A:$A,"S194-09.00", WMS용마재고!$L:$L) -> 87 | BS23: =SUMIF(WMS용마재고!$A:$A,"S194-09.50", WMS용마재고!$L:$L) -> 263 | BT23: =SUMIF(WMS용마재고!$A:$A,"S194-10.00", WMS용마재고!$L:$L) -> 226 | BU23: =SUMIF(WMS용마재고!$A:$A,"s123-10.50", WMS용마재고!$L:$L) -> 0 | BV23: =SUMIF(WMS용마재고!$A:$A,"s123-10.50", WMS용마재고!$L:$L) -> 0 | BW23: =SUMIF(WMS용마재고!$A:$A,"s123-10.50", WMS용마재고!$L:$L) -> 0 | BX23: =SUMIF(WMS용마재고!$A:$A,"s123-10.50", WMS용마재고!$L:$L) -> 0 | BY23: 212 | BZ23: 2806 | CA23: 2468 | CB23: 123 | CC23: 384 | CD23: 120 | CE23: 233 | CF23: 103 | CG23: 128 | CH23: 69 | CI23: 108 | CJ23: 96 | CK23: 152 | CL23: 102 | CM23: 311 | CN23: 108 | CO23: 91 | CP23: 146 | CQ23: 116 | CR23: 83 | CS23: 236 | CT23: 68 | CU23: 994 | CV23: 269 | CW23: 123 | CX23: 200 | CY23: 183 | CZ23: 308 | DA23: 302 | DB23: 87 | DC23: 263 | DD23: 226 | DE23: 0 | DF23: 0 | DG23: 0 | DH23: 0 | DI23: =IF(AND(BY23<30, AO23>=30), "증가", "") | DJ23: =IF(AND(BZ23<30, AP23>=30), "증가", "") | DK23: =IF(AND(CA23<30, AQ23>=30), "증가", "") | DL23: =IF(AND(CB23<30, AR23>=30), "증가", "") | DM23: =IF(AND(CC23<30, AS23>=30), "증가", "") | DN23: =IF(AND(CD23<30, AT23>=30), "증가", "") | DO23: =IF(AND(CE23<30, AU23>=30), "증가", "") | DP23: =IF(AND(CF23<30, AV23>=30), "증가", "") | ... ER23: =IF(AND(DH23<30, BX23>=30), "증가", "") | ES23: =IF(AND(AO23<30, BY23>=30), "경고", "") | ET23: =IF(AND(AP23<30, BZ23>=30), "경고", "") | EU23: =IF(AND(AQ23<30, CA23>=30), "경고", "") | EV23: =IF(AND(AR23<30, CB23>=30), "경고", "") | EW23: =IF(AND(AS23<30, CC23>=30), "경고", "") | EX23: =IF(AND(AT23<30, CD23>=30), "경고", "") | EY23: =IF(AND(AU23<30, CE23>=30), "경고", "") | EZ23: =IF(AND(AV23<30, CF23>=30), "경고", "") | ... GB23: =IF(AND(BX23<30, DH23>=30), "경고", "")
A24: Iris
A25: 7 | B25: 소울브라운 40P | C25: =SUMIF(WMS용마재고!$A:$A,"s129-00.00", WMS용마재고!$L:$L)+SUMIF(WMS용마재고!$A:$A,"a129-00.00", WMS용마재고!$L:$L) -> 1467 | D25: =SUMIF(WMS용마재고!$A:$A,"s129-00.50", WMS용마재고!$L:$L)+SUMIF(WMS용마재고!$A:$A,"a129-00.50", WMS용마재고!$L:$L) -> 408 | E25: =SUMIF(WMS용마재고!$A:$A,"s129-00.75", WMS용마재고!$L:$L)+SUMIF(WMS용마재고!$A:$A,"a129-00.75", WMS용마재고!$L:$L) -> 761 | F25: =SUMIF(WMS용마재고!$A:$A,"s129-01.00", WMS용마재고!$L:$L)+SUMIF(WMS용마재고!$A:$A,"a129-01.00", WMS용마재고!$L:$L) -> 216 | G25: =SUMIF(WMS용마재고!$A:$A,"s129-01.25", WMS용마재고!$L:$L)+SUMIF(WMS용마재고!$A:$A,"a129-01.25", WMS용마재고!$L:$L) -> 4 | H25: =SUMIF(WMS용마재고!$A:$A,"s129-01.50", WMS용마재고!$L:$L)+SUMIF(WMS용마재고!$A:$A,"a129-01.50", WMS용마재고!$L:$L) -> 181 | I25: =SUMIF(WMS용마재고!$A:$A,"s129-01.75", WMS용마재고!$L:$L)+SUMIF(WMS용마재고!$A:$A,"a129-01.75", WMS용마재고!$L:$L) -> 135 | J25: =SUMIF(WMS용마재고!$A:$A,"s129-02.00", WMS용마재고!$L:$L)+SUMIF(WMS용마재고!$A:$A,"a129-02.00", WMS용마재고!$L:$L) -> 99 | K25: =SUMIF(WMS용마재고!$A:$A,"s129-02.25", WMS용마재고!$L:$L)+SUMIF(WMS용마재고!$A:$A,"a129-02.25", WMS용마재고!$L:$L) -> 97 | L25: =SUMIF(WMS용마재고!$A:$A,"s129-02.50", WMS용마재고!$L:$L)+SUMIF(WMS용마재고!$A:$A,"a129-02.50", WMS용마재고!$L:$L) -> 188 | M25: =SUMIF(WMS용마재고!$A:$A,"s129-02.75", WMS용마재고!$L:$L)+SUMIF(WMS용마재고!$A:$A,"a129-02.75", WMS용마재고!$L:$L) -> -30 | N25: =SUMIF(WMS용마재고!$A:$A,"s129-03.00", WMS용마재고!$L:$L)+SUMIF(WMS용마재고!$A:$A,"a129-03.00", WMS용마재고!$L:$L) -> 17 | O25: =SUMIF(WMS용마재고!$A:$A,"s129-03.25", WMS용마재고!$L:$L)+SUMIF(WMS용마재고!$A:$A,"a129-03.25", WMS용마재고!$L:$L) -> 1464 | P25: =SUMIF(WMS용마재고!$A:$A,"s129-03.50", WMS용마재고!$L:$L)+SUMIF(WMS용마재고!$A:$A,"a129-03.50", WMS용마재고!$L:$L) -> 174 | Q25: =SUMIF(WMS용마재고!$A:$A,"s129-03.75", WMS용마재고!$L:$L)+SUMIF(WMS용마재고!$A:$A,"a129-03.75", WMS용마재고!$L:$L) -> 171 | R25: =SUMIF(WMS용마재고!$A:$A,"s129-04.00", WMS용마재고!$L:$L)+SUMIF(WMS용마재고!$A:$A,"a129-04.00", WMS용마재고!$L:$L) -> -30 | S25: =SUMIF(WMS용마재고!$A:$A,"s129-04.25", WMS용마재고!$L:$L)+SUMIF(WMS용마재고!$A:$A,"a129-04.25", WMS용마재고!$L:$L) -> 99 | T25: =SUMIF(WMS용마재고!$A:$A,"s129-04.50", WMS용마재고!$L:$L)+SUMIF(WMS용마재고!$A:$A,"a129-04.50", WMS용마재고!$L:$L) -> 128 | U25: =SUMIF(WMS용마재고!$A:$A,"s129-04.75", WMS용마재고!$L:$L)+SUMIF(WMS용마재고!$A:$A,"a129-04.75", WMS용마재고!$L:$L) -> 100 | V25: =SUMIF(WMS용마재고!$A:$A,"s129-05.00", WMS용마재고!$L:$L)+SUMIF(WMS용마재고!$A:$A,"a129-05.00", WMS용마재고!$L:$L) -> 21 | W25: =SUMIF(WMS용마재고!$A:$A,"s129-05.25", WMS용마재고!$L:$L)+SUMIF(WMS용마재고!$A:$A,"a129-05.25", WMS용마재고!$L:$L) -> 338 | X25: =SUMIF(WMS용마재고!$A:$A,"s129-05.50", WMS용마재고!$L:$L)+SUMIF(WMS용마재고!$A:$A,"a129-05.50", WMS용마재고!$L:$L) -> 181 | Y25: =SUMIF(WMS용마재고!$A:$A,"s129-05.75", WMS용마재고!$L:$L)+SUMIF(WMS용마재고!$A:$A,"a129-05.75", WMS용마재고!$L:$L) -> 124 | Z25: =SUMIF(WMS용마재고!$A:$A,"s129-06.00", WMS용마재고!$L:$L)+SUMIF(WMS용마재고!$A:$A,"a129-06.00", WMS용마재고!$L:$L) -> 105 | AA25: =SUMIF(WMS용마재고!$A:$A,"s129-06.50", WMS용마재고!$L:$L)+SUMIF(WMS용마재고!$A:$A,"a129-06.50", WMS용마재고!$L:$L) -> 489 | AB25: =SUMIF(WMS용마재고!$A:$A,"s129-07.00", WMS용마재고!$L:$L)+SUMIF(WMS용마재고!$A:$A,"a129-07.00", WMS용마재고!$L:$L) -> 511 | AC25: =SUMIF(WMS용마재고!$A:$A,"s129-07.50", WMS용마재고!$L:$L)+SUMIF(WMS용마재고!$A:$A,"a129-07.50", WMS용마재고!$L:$L) -> 205 | AD25: =SUMIF(WMS용마재고!$A:$A,"s129-08.00", WMS용마재고!$L:$L)+SUMIF(WMS용마재고!$A:$A,"a129-08.00", WMS용마재고!$L:$L) -> 657 | AE25: =SUMIF(WMS용마재고!$A:$A,"s129-08.50", WMS용마재고!$L:$L)+SUMIF(WMS용마재고!$A:$A,"a129-08.50", WMS용마재고!$L:$L) -> 821 | AF25: =SUMIF(WMS용마재고!$A:$A,"s129-09.00", WMS용마재고!$L:$L)+SUMIF(WMS용마재고!$A:$A,"a129-09.00", WMS용마재고!$L:$L) -> 266 | AG25: =SUMIF(WMS용마재고!$A:$A,"s129-09.50", WMS용마재고!$L:$L)+SUMIF(WMS용마재고!$A:$A,"a129-09.50", WMS용마재고!$L:$L) -> 267 | AH25: =SUMIF(WMS용마재고!$A:$A,"s129-10.00", WMS용마재고!$L:$L)+SUMIF(WMS용마재고!$A:$A,"a129-10.00", WMS용마재고!$L:$L) -> 806 | AN25: 소울브라운 40P | AO25: =SUMIF(WMS용마재고!$A:$A,"s129-00.00", WMS용마재고!$L:$L)+SUMIF(WMS용마재고!$A:$A,"a129-00.00", WMS용마재고!$L:$L) -> 1467 | AP25: =SUMIF(WMS용마재고!$A:$A,"s129-00.50", WMS용마재고!$L:$L)+SUMIF(WMS용마재고!$A:$A,"a129-00.50", WMS용마재고!$L:$L) -> 408 | AQ25: =SUMIF(WMS용마재고!$A:$A,"s129-00.75", WMS용마재고!$L:$L)+SUMIF(WMS용마재고!$A:$A,"a129-00.75", WMS용마재고!$L:$L) -> 761 | AR25: =SUMIF(WMS용마재고!$A:$A,"s129-01.00", WMS용마재고!$L:$L)+SUMIF(WMS용마재고!$A:$A,"a129-01.00", WMS용마재고!$L:$L) -> 216 | AS25: =SUMIF(WMS용마재고!$A:$A,"s129-01.25", WMS용마재고!$L:$L)+SUMIF(WMS용마재고!$A:$A,"a129-01.25", WMS용마재고!$L:$L) -> 4 | AT25: =SUMIF(WMS용마재고!$A:$A,"s129-01.50", WMS용마재고!$L:$L)+SUMIF(WMS용마재고!$A:$A,"a129-01.50", WMS용마재고!$L:$L) -> 181 | AU25: =SUMIF(WMS용마재고!$A:$A,"s129-01.75", WMS용마재고!$L:$L)+SUMIF(WMS용마재고!$A:$A,"a129-01.75", WMS용마재고!$L:$L) -> 135 | AV25: =SUMIF(WMS용마재고!$A:$A,"s129-02.00", WMS용마재고!$L:$L)+SUMIF(WMS용마재고!$A:$A,"a129-02.00", WMS용마재고!$L:$L) -> 99 | AW25: =SUMIF(WMS용마재고!$A:$A,"s129-02.25", WMS용마재고!$L:$L)+SUMIF(WMS용마재고!$A:$A,"a129-02.25", WMS용마재고!$L:$L) -> 97 | AX25: =SUMIF(WMS용마재고!$A:$A,"s129-02.50", WMS용마재고!$L:$L)+SUMIF(WMS용마재고!$A:$A,"a129-02.50", WMS용마재고!$L:$L) -> 188 | AY25: =SUMIF(WMS용마재고!$A:$A,"s129-02.75", WMS용마재고!$L:$L)+SUMIF(WMS용마재고!$A:$A,"a129-02.75", WMS용마재고!$L:$L) -> -30 | AZ25: =SUMIF(WMS용마재고!$A:$A,"s129-03.00", WMS용마재고!$L:$L)+SUMIF(WMS용마재고!$A:$A,"a129-03.00", WMS용마재고!$L:$L) -> 17 | BA25: =SUMIF(WMS용마재고!$A:$A,"s129-03.25", WMS용마재고!$L:$L)+SUMIF(WMS용마재고!$A:$A,"a129-03.25", WMS용마재고!$L:$L) -> 1464 | BB25: =SUMIF(WMS용마재고!$A:$A,"s129-03.50", WMS용마재고!$L:$L)+SUMIF(WMS용마재고!$A:$A,"a129-03.50", WMS용마재고!$L:$L) -> 174 | BC25: =SUMIF(WMS용마재고!$A:$A,"s129-03.75", WMS용마재고!$L:$L)+SUMIF(WMS용마재고!$A:$A,"a129-03.75", WMS용마재고!$L:$L) -> 171 | BD25: =SUMIF(WMS용마재고!$A:$A,"s129-04.00", WMS용마재고!$L:$L)+SUMIF(WMS용마재고!$A:$A,"a129-04.00", WMS용마재고!$L:$L) -> -30 | BE25: =SUMIF(WMS용마재고!$A:$A,"s129-04.25", WMS용마재고!$L:$L)+SUMIF(WMS용마재고!$A:$A,"a129-04.25", WMS용마재고!$L:$L) -> 99 | BF25: =SUMIF(WMS용마재고!$A:$A,"s129-04.50", WMS용마재고!$L:$L)+SUMIF(WMS용마재고!$A:$A,"a129-04.50", WMS용마재고!$L:$L) -> 128 | BG25: =SUMIF(WMS용마재고!$A:$A,"s129-04.75", WMS용마재고!$L:$L)+SUMIF(WMS용마재고!$A:$A,"a129-04.75", WMS용마재고!$L:$L) -> 100 | BH25: =SUMIF(WMS용마재고!$A:$A,"s129-05.00", WMS용마재고!$L:$L)+SUMIF(WMS용마재고!$A:$A,"a129-05.00", WMS용마재고!$L:$L) -> 21 | BI25: =SUMIF(WMS용마재고!$A:$A,"s129-05.25", WMS용마재고!$L:$L)+SUMIF(WMS용마재고!$A:$A,"a129-05.25", WMS용마재고!$L:$L) -> 338 | BJ25: =SUMIF(WMS용마재고!$A:$A,"s129-05.50", WMS용마재고!$L:$L)+SUMIF(WMS용마재고!$A:$A,"a129-05.50", WMS용마재고!$L:$L) -> 181 | BK25: =SUMIF(WMS용마재고!$A:$A,"s129-05.75", WMS용마재고!$L:$L)+SUMIF(WMS용마재고!$A:$A,"a129-05.75", WMS용마재고!$L:$L) -> 124 | BL25: =SUMIF(WMS용마재고!$A:$A,"s129-06.00", WMS용마재고!$L:$L)+SUMIF(WMS용마재고!$A:$A,"a129-06.00", WMS용마재고!$L:$L) -> 105 | BM25: =SUMIF(WMS용마재고!$A:$A,"s129-06.50", WMS용마재고!$L:$L)+SUMIF(WMS용마재고!$A:$A,"a129-06.50", WMS용마재고!$L:$L) -> 489 | BN25: =SUMIF(WMS용마재고!$A:$A,"s129-07.00", WMS용마재고!$L:$L)+SUMIF(WMS용마재고!$A:$A,"a129-07.00", WMS용마재고!$L:$L) -> 511 | BO25: =SUMIF(WMS용마재고!$A:$A,"s129-07.50", WMS용마재고!$L:$L)+SUMIF(WMS용마재고!$A:$A,"a129-07.50", WMS용마재고!$L:$L) -> 205 | BP25: =SUMIF(WMS용마재고!$A:$A,"s129-08.00", WMS용마재고!$L:$L)+SUMIF(WMS용마재고!$A:$A,"a129-08.00", WMS용마재고!$L:$L) -> 657 | BQ25: =SUMIF(WMS용마재고!$A:$A,"s129-08.50", WMS용마재고!$L:$L)+SUMIF(WMS용마재고!$A:$A,"a129-08.50", WMS용마재고!$L:$L) -> 821 | BR25: =SUMIF(WMS용마재고!$A:$A,"s129-09.00", WMS용마재고!$L:$L)+SUMIF(WMS용마재고!$A:$A,"a129-09.00", WMS용마재고!$L:$L) -> 266 | BS25: =SUMIF(WMS용마재고!$A:$A,"s129-09.50", WMS용마재고!$L:$L)+SUMIF(WMS용마재고!$A:$A,"a129-09.50", WMS용마재고!$L:$L) -> 267 | BT25: =SUMIF(WMS용마재고!$A:$A,"s129-10.00", WMS용마재고!$L:$L)+SUMIF(WMS용마재고!$A:$A,"a129-10.00", WMS용마재고!$L:$L) -> 806 | BU25: =SUMIF(WMS용마재고!$A:$A,"s123-10.50", WMS용마재고!$L:$L) -> 0 | BV25: =SUMIF(WMS용마재고!$A:$A,"s123-10.50", WMS용마재고!$L:$L) -> 0 | BW25: =SUMIF(WMS용마재고!$A:$A,"s123-10.50", WMS용마재고!$L:$L) -> 0 | BX25: =SUMIF(WMS용마재고!$A:$A,"s123-10.50", WMS용마재고!$L:$L) -> 0 | BY25: 1507 | BZ25: 408 | CA25: 761 | CB25: 251 | CC25: 39 | CD25: 216 | CE25: 170 | CF25: 134 | CG25: 132 | CH25: 223 | CI25: -9 | CJ25: 52 | CK25: 1499 | CL25: 209 | CM25: 206 | CN25: -24 | CO25: 134 | CP25: 163 | CQ25: 135 | CR25: 56 | CS25: 353 | CT25: 196 | CU25: 139 | CV25: 120 | CW25: 504 | CX25: 526 | CY25: 205 | CZ25: 657 | DA25: 821 | DB25: 266 | DC25: 267 | DD25: 806 | DE25: 0 | DF25: 0 | DG25: 0 | DH25: 0 | DI25: =IF(AND(BY25<30, AO25>=30), "증가", "") | DJ25: =IF(AND(BZ25<30, AP25>=30), "증가", "") | DK25: =IF(AND(CA25<30, AQ25>=30), "증가", "") | DL25: =IF(AND(CB25<30, AR25>=30), "증가", "") | DM25: =IF(AND(CC25<30, AS25>=30), "증가", "") | DN25: =IF(AND(CD25<30, AT25>=30), "증가", "") | DO25: =IF(AND(CE25<30, AU25>=30), "증가", "") | DP25: =IF(AND(CF25<30, AV25>=30), "증가", "") | ... ER25: =IF(AND(DH25<30, BX25>=30), "증가", "") | ES25: =IF(AND(AO25<30, BY25>=30), "경고", "") | ET25: =IF(AND(AP25<30, BZ25>=30), "경고", "") | EU25: =IF(AND(AQ25<30, CA25>=30), "경고", "") | EV25: =IF(AND(AR25<30, CB25>=30), "경고", "") | EW25: =IF(AND(AS25<30, CC25>=30), "경고", "") -> 경고 | EX25: =IF(AND(AT25<30, CD25>=30), "경고", "") | EY25: =IF(AND(AU25<30, CE25>=30), "경고", "") | EZ25: =IF(AND(AV25<30, CF25>=30), "경고", "") | ... GB25: =IF(AND(BX25<30, DH25>=30), "경고", "")
A26: 8 | B26: 랩소디 40p | C26: =SUMIF(WMS용마재고!$A:$A,"s120-00.00", WMS용마재고!$L:$L)+SUMIF(WMS용마재고!$A:$A,"a120-00.00", WMS용마재고!$L:$L) -> 1252 | D26: =SUMIF(WMS용마재고!$A:$A,"s120-00.50", WMS용마재고!$L:$L)+SUMIF(WMS용마재고!$A:$A,"a120-00.50", WMS용마재고!$L:$L) -> 479 | E26: =SUMIF(WMS용마재고!$A:$A,"s120-00.75", WMS용마재고!$L:$L)+SUMIF(WMS용마재고!$A:$A,"a120-00.75", WMS용마재고!$L:$L) -> 260 | F26: =SUMIF(WMS용마재고!$A:$A,"s120-01.00", WMS용마재고!$L:$L)+SUMIF(WMS용마재고!$A:$A,"a120-01.00", WMS용마재고!$L:$L) -> 181 | G26: =SUMIF(WMS용마재고!$A:$A,"s120-01.25", WMS용마재고!$L:$L)+SUMIF(WMS용마재고!$A:$A,"a120-01.25", WMS용마재고!$L:$L) -> 133 | H26: =SUMIF(WMS용마재고!$A:$A,"s120-01.50", WMS용마재고!$L:$L)+SUMIF(WMS용마재고!$A:$A,"a120-01.50", WMS용마재고!$L:$L) -> 223 | I26: =SUMIF(WMS용마재고!$A:$A,"s120-01.75", WMS용마재고!$L:$L)+SUMIF(WMS용마재고!$A:$A,"a120-01.75", WMS용마재고!$L:$L) -> 221 | J26: =SUMIF(WMS용마재고!$A:$A,"s120-02.00", WMS용마재고!$L:$L)+SUMIF(WMS용마재고!$A:$A,"a120-02.00", WMS용마재고!$L:$L) -> 804 | K26: =SUMIF(WMS용마재고!$A:$A,"s120-02.25", WMS용마재고!$L:$L)+SUMIF(WMS용마재고!$A:$A,"a120-02.25", WMS용마재고!$L:$L) -> 586 | L26: =SUMIF(WMS용마재고!$A:$A,"s120-02.50", WMS용마재고!$L:$L)+SUMIF(WMS용마재고!$A:$A,"a120-02.50", WMS용마재고!$L:$L) -> 378 | M26: =SUMIF(WMS용마재고!$A:$A,"s120-02.75", WMS용마재고!$L:$L)+SUMIF(WMS용마재고!$A:$A,"a120-02.75", WMS용마재고!$L:$L) -> 904 | N26: =SUMIF(WMS용마재고!$A:$A,"s120-03.00", WMS용마재고!$L:$L)+SUMIF(WMS용마재고!$A:$A,"a120-03.00", WMS용마재고!$L:$L) -> 588 | O26: =SUMIF(WMS용마재고!$A:$A,"s120-03.25", WMS용마재고!$L:$L)+SUMIF(WMS용마재고!$A:$A,"a120-03.25", WMS용마재고!$L:$L) -> 508 | P26: =SUMIF(WMS용마재고!$A:$A,"s120-03.50", WMS용마재고!$L:$L)+SUMIF(WMS용마재고!$A:$A,"a120-03.50", WMS용마재고!$L:$L) -> 634 | Q26: =SUMIF(WMS용마재고!$A:$A,"s120-03.75", WMS용마재고!$L:$L)+SUMIF(WMS용마재고!$A:$A,"a120-03.75", WMS용마재고!$L:$L) -> 882 | R26: =SUMIF(WMS용마재고!$A:$A,"s120-04.00", WMS용마재고!$L:$L)+SUMIF(WMS용마재고!$A:$A,"a120-04.00", WMS용마재고!$L:$L) -> 883 | S26: =SUMIF(WMS용마재고!$A:$A,"s120-04.25", WMS용마재고!$L:$L)+SUMIF(WMS용마재고!$A:$A,"a120-04.25", WMS용마재고!$L:$L) -> 1225 | T26: =SUMIF(WMS용마재고!$A:$A,"s120-04.50", WMS용마재고!$L:$L)+SUMIF(WMS용마재고!$A:$A,"a120-04.50", WMS용마재고!$L:$L) -> 151 | U26: =SUMIF(WMS용마재고!$A:$A,"s120-04.75", WMS용마재고!$L:$L)+SUMIF(WMS용마재고!$A:$A,"a120-04.75", WMS용마재고!$L:$L) -> 5 | V26: =SUMIF(WMS용마재고!$A:$A,"s120-05.00", WMS용마재고!$L:$L)+SUMIF(WMS용마재고!$A:$A,"a120-05.00", WMS용마재고!$L:$L) -> 833 | W26: =SUMIF(WMS용마재고!$A:$A,"s120-05.25", WMS용마재고!$L:$L)+SUMIF(WMS용마재고!$A:$A,"a120-05.25", WMS용마재고!$L:$L) -> 473 | X26: =SUMIF(WMS용마재고!$A:$A,"s120-05.50", WMS용마재고!$L:$L)+SUMIF(WMS용마재고!$A:$A,"a120-05.50", WMS용마재고!$L:$L) -> 1389 | Y26: =SUMIF(WMS용마재고!$A:$A,"s120-05.75", WMS용마재고!$L:$L)+SUMIF(WMS용마재고!$A:$A,"a120-05.75", WMS용마재고!$L:$L) -> 1131 | Z26: =SUMIF(WMS용마재고!$A:$A,"s120-06.00", WMS용마재고!$L:$L)+SUMIF(WMS용마재고!$A:$A,"a120-06.00", WMS용마재고!$L:$L) -> 232 | AA26: =SUMIF(WMS용마재고!$A:$A,"s120-06.50", WMS용마재고!$L:$L)+SUMIF(WMS용마재고!$A:$A,"a120-06.50", WMS용마재고!$L:$L) -> 828 | AB26: =SUMIF(WMS용마재고!$A:$A,"s120-07.00", WMS용마재고!$L:$L)+SUMIF(WMS용마재고!$A:$A,"a120-07.00", WMS용마재고!$L:$L) -> 570 | AC26: =SUMIF(WMS용마재고!$A:$A,"s120-07.50", WMS용마재고!$L:$L)+SUMIF(WMS용마재고!$A:$A,"a120-07.50", WMS용마재고!$L:$L) -> 567 | AD26: =SUMIF(WMS용마재고!$A:$A,"s120-08.00", WMS용마재고!$L:$L)+SUMIF(WMS용마재고!$A:$A,"a120-08.00", WMS용마재고!$L:$L) -> 300 | AE26: =SUMIF(WMS용마재고!$A:$A,"s120-08.50", WMS용마재고!$L:$L)+SUMIF(WMS용마재고!$A:$A,"a120-08.50", WMS용마재고!$L:$L) -> 219 | AF26: =SUMIF(WMS용마재고!$A:$A,"s120-09.00", WMS용마재고!$L:$L)+SUMIF(WMS용마재고!$A:$A,"a120-09.00", WMS용마재고!$L:$L) -> 385 | AG26: =SUMIF(WMS용마재고!$A:$A,"s120-09.50", WMS용마재고!$L:$L)+SUMIF(WMS용마재고!$A:$A,"a120-09.50", WMS용마재고!$L:$L) -> 497 | AH26: =SUMIF(WMS용마재고!$A:$A,"s120-10.00", WMS용마재고!$L:$L)+SUMIF(WMS용마재고!$A:$A,"a120-10.00", WMS용마재고!$L:$L) -> 338 | AN26: 랩소디 40p | AO26: =SUMIF(WMS용마재고!$A:$A,"s120-00.00", WMS용마재고!$L:$L)+SUMIF(WMS용마재고!$A:$A,"a120-00.00", WMS용마재고!$L:$L) -> 1252 | AP26: =SUMIF(WMS용마재고!$A:$A,"s120-00.50", WMS용마재고!$L:$L)+SUMIF(WMS용마재고!$A:$A,"a120-00.50", WMS용마재고!$L:$L) -> 479 | AQ26: =SUMIF(WMS용마재고!$A:$A,"s120-00.75", WMS용마재고!$L:$L)+SUMIF(WMS용마재고!$A:$A,"a120-00.75", WMS용마재고!$L:$L) -> 260 | AR26: =SUMIF(WMS용마재고!$A:$A,"s120-01.00", WMS용마재고!$L:$L)+SUMIF(WMS용마재고!$A:$A,"a120-01.00", WMS용마재고!$L:$L) -> 181 | AS26: =SUMIF(WMS용마재고!$A:$A,"s120-01.25", WMS용마재고!$L:$L)+SUMIF(WMS용마재고!$A:$A,"a120-01.25", WMS용마재고!$L:$L) -> 133 | AT26: =SUMIF(WMS용마재고!$A:$A,"s120-01.50", WMS용마재고!$L:$L)+SUMIF(WMS용마재고!$A:$A,"a120-01.50", WMS용마재고!$L:$L) -> 223 | AU26: =SUMIF(WMS용마재고!$A:$A,"s120-01.75", WMS용마재고!$L:$L)+SUMIF(WMS용마재고!$A:$A,"a120-01.75", WMS용마재고!$L:$L) -> 221 | AV26: =SUMIF(WMS용마재고!$A:$A,"s120-02.00", WMS용마재고!$L:$L)+SUMIF(WMS용마재고!$A:$A,"a120-02.00", WMS용마재고!$L:$L) -> 804 | AW26: =SUMIF(WMS용마재고!$A:$A,"s120-02.25", WMS용마재고!$L:$L)+SUMIF(WMS용마재고!$A:$A,"a120-02.25", WMS용마재고!$L:$L) -> 586 | AX26: =SUMIF(WMS용마재고!$A:$A,"s120-02.50", WMS용마재고!$L:$L)+SUMIF(WMS용마재고!$A:$A,"a120-02.50", WMS용마재고!$L:$L) -> 378 | AY26: =SUMIF(WMS용마재고!$A:$A,"s120-02.75", WMS용마재고!$L:$L)+SUMIF(WMS용마재고!$A:$A,"a120-02.75", WMS용마재고!$L:$L) -> 904 | AZ26: =SUMIF(WMS용마재고!$A:$A,"s120-03.00", WMS용마재고!$L:$L)+SUMIF(WMS용마재고!$A:$A,"a120-03.00", WMS용마재고!$L:$L) -> 588 | BA26: =SUMIF(WMS용마재고!$A:$A,"s120-03.25", WMS용마재고!$L:$L)+SUMIF(WMS용마재고!$A:$A,"a120-03.25", WMS용마재고!$L:$L) -> 508 | BB26: =SUMIF(WMS용마재고!$A:$A,"s120-03.50", WMS용마재고!$L:$L)+SUMIF(WMS용마재고!$A:$A,"a120-03.50", WMS용마재고!$L:$L) -> 634 | BC26: =SUMIF(WMS용마재고!$A:$A,"s120-03.75", WMS용마재고!$L:$L)+SUMIF(WMS용마재고!$A:$A,"a120-03.75", WMS용마재고!$L:$L) -> 882 | BD26: =SUMIF(WMS용마재고!$A:$A,"s120-04.00", WMS용마재고!$L:$L)+SUMIF(WMS용마재고!$A:$A,"a120-04.00", WMS용마재고!$L:$L) -> 883 | BE26: =SUMIF(WMS용마재고!$A:$A,"s120-04.25", WMS용마재고!$L:$L)+SUMIF(WMS용마재고!$A:$A,"a120-04.25", WMS용마재고!$L:$L) -> 1225 | BF26: =SUMIF(WMS용마재고!$A:$A,"s120-04.50", WMS용마재고!$L:$L)+SUMIF(WMS용마재고!$A:$A,"a120-04.50", WMS용마재고!$L:$L) -> 151 | BG26: =SUMIF(WMS용마재고!$A:$A,"s120-04.75", WMS용마재고!$L:$L)+SUMIF(WMS용마재고!$A:$A,"a120-04.75", WMS용마재고!$L:$L) -> 5 | BH26: =SUMIF(WMS용마재고!$A:$A,"s120-05.00", WMS용마재고!$L:$L)+SUMIF(WMS용마재고!$A:$A,"a120-05.00", WMS용마재고!$L:$L) -> 833 | BI26: =SUMIF(WMS용마재고!$A:$A,"s120-05.25", WMS용마재고!$L:$L)+SUMIF(WMS용마재고!$A:$A,"a120-05.25", WMS용마재고!$L:$L) -> 473 | BJ26: =SUMIF(WMS용마재고!$A:$A,"s120-05.50", WMS용마재고!$L:$L)+SUMIF(WMS용마재고!$A:$A,"a120-05.50", WMS용마재고!$L:$L) -> 1389 | BK26: =SUMIF(WMS용마재고!$A:$A,"s120-05.75", WMS용마재고!$L:$L)+SUMIF(WMS용마재고!$A:$A,"a120-05.75", WMS용마재고!$L:$L) -> 1131 | BL26: =SUMIF(WMS용마재고!$A:$A,"s120-06.00", WMS용마재고!$L:$L)+SUMIF(WMS용마재고!$A:$A,"a120-06.00", WMS용마재고!$L:$L) -> 232 | BM26: =SUMIF(WMS용마재고!$A:$A,"s120-06.50", WMS용마재고!$L:$L)+SUMIF(WMS용마재고!$A:$A,"a120-06.50", WMS용마재고!$L:$L) -> 828 | BN26: =SUMIF(WMS용마재고!$A:$A,"s120-07.00", WMS용마재고!$L:$L)+SUMIF(WMS용마재고!$A:$A,"a120-07.00", WMS용마재고!$L:$L) -> 570 | BO26: =SUMIF(WMS용마재고!$A:$A,"s120-07.50", WMS용마재고!$L:$L)+SUMIF(WMS용마재고!$A:$A,"a120-07.50", WMS용마재고!$L:$L) -> 567 | BP26: =SUMIF(WMS용마재고!$A:$A,"s120-08.00", WMS용마재고!$L:$L)+SUMIF(WMS용마재고!$A:$A,"a120-08.00", WMS용마재고!$L:$L) -> 300 | BQ26: =SUMIF(WMS용마재고!$A:$A,"s120-08.50", WMS용마재고!$L:$L)+SUMIF(WMS용마재고!$A:$A,"a120-08.50", WMS용마재고!$L:$L) -> 219 | BR26: =SUMIF(WMS용마재고!$A:$A,"s120-09.00", WMS용마재고!$L:$L)+SUMIF(WMS용마재고!$A:$A,"a120-09.00", WMS용마재고!$L:$L) -> 385 | BS26: =SUMIF(WMS용마재고!$A:$A,"s120-09.50", WMS용마재고!$L:$L)+SUMIF(WMS용마재고!$A:$A,"a120-09.50", WMS용마재고!$L:$L) -> 497 | BT26: =SUMIF(WMS용마재고!$A:$A,"s120-10.00", WMS용마재고!$L:$L)+SUMIF(WMS용마재고!$A:$A,"a120-10.00", WMS용마재고!$L:$L) -> 338 | BU26: =SUMIF(WMS용마재고!$A:$A,"s123-10.50", WMS용마재고!$L:$L) -> 0 | BV26: =SUMIF(WMS용마재고!$A:$A,"s123-10.50", WMS용마재고!$L:$L) -> 0 | BW26: =SUMIF(WMS용마재고!$A:$A,"s123-10.50", WMS용마재고!$L:$L) -> 0 | BX26: =SUMIF(WMS용마재고!$A:$A,"s123-10.50", WMS용마재고!$L:$L) -> 0 | BY26: 1292 | BZ26: 479 | CA26: 260 | CB26: 216 | CC26: 168 | CD26: 258 | CE26: 256 | CF26: 839 | CG26: 621 | CH26: 413 | CI26: 939 | CJ26: 623 | CK26: 543 | CL26: 669 | CM26: 917 | CN26: 918 | CO26: 1260 | CP26: 186 | CQ26: 40 | CR26: 863 | CS26: 488 | CT26: 1404 | CU26: 1146 | CV26: 247 | CW26: 843 | CX26: 585 | CY26: 567 | CZ26: 300 | DA26: 219 | DB26: 385 | DC26: 497 | DD26: 338 | DE26: 0 | DF26: 0 | DG26: 0 | DH26: 0 | DI26: =IF(AND(BY26<30, AO26>=30), "증가", "") | DJ26: =IF(AND(BZ26<30, AP26>=30), "증가", "") | DK26: =IF(AND(CA26<30, AQ26>=30), "증가", "") | DL26: =IF(AND(CB26<30, AR26>=30), "증가", "") | DM26: =IF(AND(CC26<30, AS26>=30), "증가", "") | DN26: =IF(AND(CD26<30, AT26>=30), "증가", "") | DO26: =IF(AND(CE26<30, AU26>=30), "증가", "") | DP26: =IF(AND(CF26<30, AV26>=30), "증가", "") | ... ER26: =IF(AND(DH26<30, BX26>=30), "증가", "") | ES26: =IF(AND(AO26<30, BY26>=30), "경고", "") | ET26: =IF(AND(AP26<30, BZ26>=30), "경고", "") | EU26: =IF(AND(AQ26<30, CA26>=30), "경고", "") | EV26: =IF(AND(AR26<30, CB26>=30), "경고", "") | EW26: =IF(AND(AS26<30, CC26>=30), "경고", "") | EX26: =IF(AND(AT26<30, CD26>=30), "경고", "") | EY26: =IF(AND(AU26<30, CE26>=30), "경고", "") | EZ26: =IF(AND(AV26<30, CF26>=30), "경고", "") | ... GB26: =IF(AND(BX26<30, DH26>=30), "경고", "")
A27: 9 | B27: 라틴 40P | C27: =SUMIF(WMS용마재고!$A:$A,"S128-00.00", WMS용마재고!$L:$L)+SUMIF(WMS용마재고!$A:$A,"a128-00.00", WMS용마재고!$L:$L) -> 554 | D27: =SUMIF(WMS용마재고!$A:$A,"S128-00.50", WMS용마재고!$L:$L)+SUMIF(WMS용마재고!$A:$A,"a128-00.50", WMS용마재고!$L:$L) -> 202 | E27: =SUMIF(WMS용마재고!$A:$A,"S128-00.75", WMS용마재고!$L:$L)+SUMIF(WMS용마재고!$A:$A,"a128-00.75", WMS용마재고!$L:$L) -> 223 | F27: =SUMIF(WMS용마재고!$A:$A,"S128-01.00", WMS용마재고!$L:$L)+SUMIF(WMS용마재고!$A:$A,"a128-01.00", WMS용마재고!$L:$L) -> 301 | G27: =SUMIF(WMS용마재고!$A:$A,"S128-01.25", WMS용마재고!$L:$L)+SUMIF(WMS용마재고!$A:$A,"a128-01.25", WMS용마재고!$L:$L) -> 393 | H27: =SUMIF(WMS용마재고!$A:$A,"S128-01.50", WMS용마재고!$L:$L)+SUMIF(WMS용마재고!$A:$A,"a128-01.50", WMS용마재고!$L:$L) -> 365 | I27: =SUMIF(WMS용마재고!$A:$A,"S128-01.75", WMS용마재고!$L:$L)+SUMIF(WMS용마재고!$A:$A,"a128-01.75", WMS용마재고!$L:$L) -> 485 | J27: =SUMIF(WMS용마재고!$A:$A,"S128-02.00", WMS용마재고!$L:$L)+SUMIF(WMS용마재고!$A:$A,"a128-02.00", WMS용마재고!$L:$L) -> 610 | K27: =SUMIF(WMS용마재고!$A:$A,"S128-02.25", WMS용마재고!$L:$L)+SUMIF(WMS용마재고!$A:$A,"a128-02.25", WMS용마재고!$L:$L) -> 359 | L27: =SUMIF(WMS용마재고!$A:$A,"S128-02.50", WMS용마재고!$L:$L)+SUMIF(WMS용마재고!$A:$A,"a128-02.50", WMS용마재고!$L:$L) -> 322 | M27: =SUMIF(WMS용마재고!$A:$A,"S128-02.75", WMS용마재고!$L:$L)+SUMIF(WMS용마재고!$A:$A,"a128-02.75", WMS용마재고!$L:$L) -> 228 | N27: =SUMIF(WMS용마재고!$A:$A,"S128-03.00", WMS용마재고!$L:$L)+SUMIF(WMS용마재고!$A:$A,"a128-03.00", WMS용마재고!$L:$L) -> 454 | O27: =SUMIF(WMS용마재고!$A:$A,"S128-03.25", WMS용마재고!$L:$L)+SUMIF(WMS용마재고!$A:$A,"a128-03.25", WMS용마재고!$L:$L) -> 286 | P27: =SUMIF(WMS용마재고!$A:$A,"S128-03.50", WMS용마재고!$L:$L)+SUMIF(WMS용마재고!$A:$A,"a128-03.50", WMS용마재고!$L:$L) -> 543 | Q27: =SUMIF(WMS용마재고!$A:$A,"S128-03.75", WMS용마재고!$L:$L)+SUMIF(WMS용마재고!$A:$A,"a128-03.75", WMS용마재고!$L:$L) -> 434 | R27: =SUMIF(WMS용마재고!$A:$A,"S128-04.00", WMS용마재고!$L:$L)+SUMIF(WMS용마재고!$A:$A,"a128-04.00", WMS용마재고!$L:$L) -> 658 | S27: =SUMIF(WMS용마재고!$A:$A,"S128-04.25", WMS용마재고!$L:$L)+SUMIF(WMS용마재고!$A:$A,"a128-04.25", WMS용마재고!$L:$L) -> 193 | T27: =SUMIF(WMS용마재고!$A:$A,"S128-04.50", WMS용마재고!$L:$L)+SUMIF(WMS용마재고!$A:$A,"a128-04.50", WMS용마재고!$L:$L) -> 384 | U27: =SUMIF(WMS용마재고!$A:$A,"S128-04.75", WMS용마재고!$L:$L)+SUMIF(WMS용마재고!$A:$A,"a128-04.75", WMS용마재고!$L:$L) -> 306 | V27: =SUMIF(WMS용마재고!$A:$A,"S128-05.00", WMS용마재고!$L:$L)+SUMIF(WMS용마재고!$A:$A,"a128-05.00", WMS용마재고!$L:$L) -> 598 | W27: =SUMIF(WMS용마재고!$A:$A,"S128-05.25", WMS용마재고!$L:$L)+SUMIF(WMS용마재고!$A:$A,"a128-05.25", WMS용마재고!$L:$L) -> 588 | X27: =SUMIF(WMS용마재고!$A:$A,"S128-05.50", WMS용마재고!$L:$L)+SUMIF(WMS용마재고!$A:$A,"a128-05.50", WMS용마재고!$L:$L) -> 483 | Y27: =SUMIF(WMS용마재고!$A:$A,"S128-05.75", WMS용마재고!$L:$L)+SUMIF(WMS용마재고!$A:$A,"a128-05.75", WMS용마재고!$L:$L) -> 371 | Z27: =SUMIF(WMS용마재고!$A:$A,"S128-06.00", WMS용마재고!$L:$L)+SUMIF(WMS용마재고!$A:$A,"a128-06.00", WMS용마재고!$L:$L) -> 449 | AA27: =SUMIF(WMS용마재고!$A:$A,"S128-06.50", WMS용마재고!$L:$L)+SUMIF(WMS용마재고!$A:$A,"a128-06.50", WMS용마재고!$L:$L) -> 296 | AB27: =SUMIF(WMS용마재고!$A:$A,"S128-07.00", WMS용마재고!$L:$L)+SUMIF(WMS용마재고!$A:$A,"a128-07.00", WMS용마재고!$L:$L) -> 203 | AC27: =SUMIF(WMS용마재고!$A:$A,"S128-07.50", WMS용마재고!$L:$L)+SUMIF(WMS용마재고!$A:$A,"a128-07.50", WMS용마재고!$L:$L) -> 186 | AD27: =SUMIF(WMS용마재고!$A:$A,"S128-08.00", WMS용마재고!$L:$L)+SUMIF(WMS용마재고!$A:$A,"a128-08.00", WMS용마재고!$L:$L) -> 243 | AE27: =SUMIF(WMS용마재고!$A:$A,"S128-08.50", WMS용마재고!$L:$L)+SUMIF(WMS용마재고!$A:$A,"a128-08.50", WMS용마재고!$L:$L) -> 178 | AF27: =SUMIF(WMS용마재고!$A:$A,"S128-09.00", WMS용마재고!$L:$L)+SUMIF(WMS용마재고!$A:$A,"a128-09.00", WMS용마재고!$L:$L) -> 138 | AG27: =SUMIF(WMS용마재고!$A:$A,"S128-09.50", WMS용마재고!$L:$L)+SUMIF(WMS용마재고!$A:$A,"a128-09.50", WMS용마재고!$L:$L) -> 593 | AH27: =SUMIF(WMS용마재고!$A:$A,"S128-10.00", WMS용마재고!$L:$L)+SUMIF(WMS용마재고!$A:$A,"a128-10.00", WMS용마재고!$L:$L) -> 200 | AN27: 라틴 40P | AO27: =SUMIF(WMS용마재고!$A:$A,"S128-00.00", WMS용마재고!$L:$L)+SUMIF(WMS용마재고!$A:$A,"a128-00.00", WMS용마재고!$L:$L) -> 554 | AP27: =SUMIF(WMS용마재고!$A:$A,"S128-00.50", WMS용마재고!$L:$L)+SUMIF(WMS용마재고!$A:$A,"a128-00.50", WMS용마재고!$L:$L) -> 202 | AQ27: =SUMIF(WMS용마재고!$A:$A,"S128-00.75", WMS용마재고!$L:$L)+SUMIF(WMS용마재고!$A:$A,"a128-00.75", WMS용마재고!$L:$L) -> 223 | AR27: =SUMIF(WMS용마재고!$A:$A,"S128-01.00", WMS용마재고!$L:$L)+SUMIF(WMS용마재고!$A:$A,"a128-01.00", WMS용마재고!$L:$L) -> 301 | AS27: =SUMIF(WMS용마재고!$A:$A,"S128-01.25", WMS용마재고!$L:$L)+SUMIF(WMS용마재고!$A:$A,"a128-01.25", WMS용마재고!$L:$L) -> 393 | AT27: =SUMIF(WMS용마재고!$A:$A,"S128-01.50", WMS용마재고!$L:$L)+SUMIF(WMS용마재고!$A:$A,"a128-01.50", WMS용마재고!$L:$L) -> 365 | AU27: =SUMIF(WMS용마재고!$A:$A,"S128-01.75", WMS용마재고!$L:$L)+SUMIF(WMS용마재고!$A:$A,"a128-01.75", WMS용마재고!$L:$L) -> 485 | AV27: =SUMIF(WMS용마재고!$A:$A,"S128-02.00", WMS용마재고!$L:$L)+SUMIF(WMS용마재고!$A:$A,"a128-02.00", WMS용마재고!$L:$L) -> 610 | AW27: =SUMIF(WMS용마재고!$A:$A,"S128-02.25", WMS용마재고!$L:$L)+SUMIF(WMS용마재고!$A:$A,"a128-02.25", WMS용마재고!$L:$L) -> 359 | AX27: =SUMIF(WMS용마재고!$A:$A,"S128-02.50", WMS용마재고!$L:$L)+SUMIF(WMS용마재고!$A:$A,"a128-02.50", WMS용마재고!$L:$L) -> 322 | AY27: =SUMIF(WMS용마재고!$A:$A,"S128-02.75", WMS용마재고!$L:$L)+SUMIF(WMS용마재고!$A:$A,"a128-02.75", WMS용마재고!$L:$L) -> 228 | AZ27: =SUMIF(WMS용마재고!$A:$A,"S128-03.00", WMS용마재고!$L:$L)+SUMIF(WMS용마재고!$A:$A,"a128-03.00", WMS용마재고!$L:$L) -> 454 | BA27: =SUMIF(WMS용마재고!$A:$A,"S128-03.25", WMS용마재고!$L:$L)+SUMIF(WMS용마재고!$A:$A,"a128-03.25", WMS용마재고!$L:$L) -> 286 | BB27: =SUMIF(WMS용마재고!$A:$A,"S128-03.50", WMS용마재고!$L:$L)+SUMIF(WMS용마재고!$A:$A,"a128-03.50", WMS용마재고!$L:$L) -> 543 | BC27: =SUMIF(WMS용마재고!$A:$A,"S128-03.75", WMS용마재고!$L:$L)+SUMIF(WMS용마재고!$A:$A,"a128-03.75", WMS용마재고!$L:$L) -> 434 | BD27: =SUMIF(WMS용마재고!$A:$A,"S128-04.00", WMS용마재고!$L:$L)+SUMIF(WMS용마재고!$A:$A,"a128-04.00", WMS용마재고!$L:$L) -> 658 | BE27: =SUMIF(WMS용마재고!$A:$A,"S128-04.25", WMS용마재고!$L:$L)+SUMIF(WMS용마재고!$A:$A,"a128-04.25", WMS용마재고!$L:$L) -> 193 | BF27: =SUMIF(WMS용마재고!$A:$A,"S128-04.50", WMS용마재고!$L:$L)+SUMIF(WMS용마재고!$A:$A,"a128-04.50", WMS용마재고!$L:$L) -> 384 | BG27: =SUMIF(WMS용마재고!$A:$A,"S128-04.75", WMS용마재고!$L:$L)+SUMIF(WMS용마재고!$A:$A,"a128-04.75", WMS용마재고!$L:$L) -> 306 | BH27: =SUMIF(WMS용마재고!$A:$A,"S128-05.00", WMS용마재고!$L:$L)+SUMIF(WMS용마재고!$A:$A,"a128-05.00", WMS용마재고!$L:$L) -> 598 | BI27: =SUMIF(WMS용마재고!$A:$A,"S128-05.25", WMS용마재고!$L:$L)+SUMIF(WMS용마재고!$A:$A,"a128-05.25", WMS용마재고!$L:$L) -> 588 | BJ27: =SUMIF(WMS용마재고!$A:$A,"S128-05.50", WMS용마재고!$L:$L)+SUMIF(WMS용마재고!$A:$A,"a128-05.50", WMS용마재고!$L:$L) -> 483 | BK27: =SUMIF(WMS용마재고!$A:$A,"S128-05.75", WMS용마재고!$L:$L)+SUMIF(WMS용마재고!$A:$A,"a128-05.75", WMS용마재고!$L:$L) -> 371 | BL27: =SUMIF(WMS용마재고!$A:$A,"S128-06.00", WMS용마재고!$L:$L)+SUMIF(WMS용마재고!$A:$A,"a128-06.00", WMS용마재고!$L:$L) -> 449 | BM27: =SUMIF(WMS용마재고!$A:$A,"S128-06.50", WMS용마재고!$L:$L)+SUMIF(WMS용마재고!$A:$A,"a128-06.50", WMS용마재고!$L:$L) -> 296 | BN27: =SUMIF(WMS용마재고!$A:$A,"S128-07.00", WMS용마재고!$L:$L)+SUMIF(WMS용마재고!$A:$A,"a128-07.00", WMS용마재고!$L:$L) -> 203 | BO27: =SUMIF(WMS용마재고!$A:$A,"S128-07.50", WMS용마재고!$L:$L)+SUMIF(WMS용마재고!$A:$A,"a128-07.50", WMS용마재고!$L:$L) -> 186 | BP27: =SUMIF(WMS용마재고!$A:$A,"S128-08.00", WMS용마재고!$L:$L)+SUMIF(WMS용마재고!$A:$A,"a128-08.00", WMS용마재고!$L:$L) -> 243 | BQ27: =SUMIF(WMS용마재고!$A:$A,"S128-08.50", WMS용마재고!$L:$L)+SUMIF(WMS용마재고!$A:$A,"a128-08.50", WMS용마재고!$L:$L) -> 178 | BR27: =SUMIF(WMS용마재고!$A:$A,"S128-09.00", WMS용마재고!$L:$L)+SUMIF(WMS용마재고!$A:$A,"a128-09.00", WMS용마재고!$L:$L) -> 138 | BS27: =SUMIF(WMS용마재고!$A:$A,"S128-09.50", WMS용마재고!$L:$L)+SUMIF(WMS용마재고!$A:$A,"a128-09.50", WMS용마재고!$L:$L) -> 593 | BT27: =SUMIF(WMS용마재고!$A:$A,"S128-10.00", WMS용마재고!$L:$L)+SUMIF(WMS용마재고!$A:$A,"a128-10.00", WMS용마재고!$L:$L) -> 200 | BU27: =SUMIF(WMS용마재고!$A:$A,"s123-10.50", WMS용마재고!$L:$L) -> 0 | BV27: =SUMIF(WMS용마재고!$A:$A,"s123-10.50", WMS용마재고!$L:$L) -> 0 | BW27: =SUMIF(WMS용마재고!$A:$A,"s123-10.50", WMS용마재고!$L:$L) -> 0 | BX27: =SUMIF(WMS용마재고!$A:$A,"s123-10.50", WMS용마재고!$L:$L) -> 0 | BY27: 579 | BZ27: 202 | CA27: 223 | CB27: 311 | CC27: 403 | CD27: 375 | CE27: 495 | CF27: 620 | CG27: 369 | CH27: 332 | CI27: 238 | CJ27: 464 | CK27: 296 | CL27: 553 | CM27: 444 | CN27: 668 | CO27: 203 | CP27: 394 | CQ27: 316 | CR27: 608 | CS27: 588 | CT27: 483 | CU27: 371 | CV27: 449 | CW27: 296 | CX27: 203 | CY27: 186 | CZ27: 243 | DA27: 178 | DB27: 138 | DC27: 593 | DD27: 200 | DE27: 0 | DF27: 0 | DG27: 0 | DH27: 0 | DI27: =IF(AND(BY27<30, AO27>=30), "증가", "") | DJ27: =IF(AND(BZ27<30, AP27>=30), "증가", "") | DK27: =IF(AND(CA27<30, AQ27>=30), "증가", "") | DL27: =IF(AND(CB27<30, AR27>=30), "증가", "") | DM27: =IF(AND(CC27<30, AS27>=30), "증가", "") | DN27: =IF(AND(CD27<30, AT27>=30), "증가", "") | DO27: =IF(AND(CE27<30, AU27>=30), "증가", "") | DP27: =IF(AND(CF27<30, AV27>=30), "증가", "") | ... ER27: =IF(AND(DH27<30, BX27>=30), "증가", "") | ES27: =IF(AND(AO27<30, BY27>=30), "경고", "") | ET27: =IF(AND(AP27<30, BZ27>=30), "경고", "") | EU27: =IF(AND(AQ27<30, CA27>=30), "경고", "") | EV27: =IF(AND(AR27<30, CB27>=30), "경고", "") | EW27: =IF(AND(AS27<30, CC27>=30), "경고", "") | EX27: =IF(AND(AT27<30, CD27>=30), "경고", "") | EY27: =IF(AND(AU27<30, CE27>=30), "경고", "") | EZ27: =IF(AND(AV27<30, CF27>=30), "경고", "") | ... GB27: =IF(AND(BX27<30, DH27>=30), "경고", "")
A28: 10 | B28: 째즈블랙 40P | C28: =SUMIF(WMS용마재고!$A:$A,"S130-00.00", WMS용마재고!$L:$L)+SUMIF(WMS용마재고!$A:$A,"a130-00.00", WMS용마재고!$L:$L) -> 1298 | D28: =SUMIF(WMS용마재고!$A:$A,"S130-00.50", WMS용마재고!$L:$L)+SUMIF(WMS용마재고!$A:$A,"a130-00.50", WMS용마재고!$L:$L) -> 393 | E28: =SUMIF(WMS용마재고!$A:$A,"S130-00.75", WMS용마재고!$L:$L)+SUMIF(WMS용마재고!$A:$A,"a130-00.75", WMS용마재고!$L:$L) -> 230 | F28: =SUMIF(WMS용마재고!$A:$A,"S130-01.00", WMS용마재고!$L:$L)+SUMIF(WMS용마재고!$A:$A,"a130-01.00", WMS용마재고!$L:$L) -> 767 | G28: =SUMIF(WMS용마재고!$A:$A,"S130-01.25", WMS용마재고!$L:$L)+SUMIF(WMS용마재고!$A:$A,"a130-01.25", WMS용마재고!$L:$L) -> 533 | H28: =SUMIF(WMS용마재고!$A:$A,"S130-01.50", WMS용마재고!$L:$L)+SUMIF(WMS용마재고!$A:$A,"a130-01.50", WMS용마재고!$L:$L) -> 462 | I28: =SUMIF(WMS용마재고!$A:$A,"S130-01.75", WMS용마재고!$L:$L)+SUMIF(WMS용마재고!$A:$A,"a130-01.75", WMS용마재고!$L:$L) -> 518 | J28: =SUMIF(WMS용마재고!$A:$A,"S130-02.00", WMS용마재고!$L:$L)+SUMIF(WMS용마재고!$A:$A,"a130-02.00", WMS용마재고!$L:$L) -> 466 | K28: =SUMIF(WMS용마재고!$A:$A,"S130-02.25", WMS용마재고!$L:$L)+SUMIF(WMS용마재고!$A:$A,"a130-02.25", WMS용마재고!$L:$L) -> 484 | L28: =SUMIF(WMS용마재고!$A:$A,"S130-02.50", WMS용마재고!$L:$L)+SUMIF(WMS용마재고!$A:$A,"a130-02.50", WMS용마재고!$L:$L) -> 589 | M28: =SUMIF(WMS용마재고!$A:$A,"S130-02.75", WMS용마재고!$L:$L)+SUMIF(WMS용마재고!$A:$A,"a130-02.75", WMS용마재고!$L:$L) -> 489 | N28: =SUMIF(WMS용마재고!$A:$A,"S130-03.00", WMS용마재고!$L:$L)+SUMIF(WMS용마재고!$A:$A,"a130-03.00", WMS용마재고!$L:$L) -> 469 | O28: =SUMIF(WMS용마재고!$A:$A,"S130-03.25", WMS용마재고!$L:$L)+SUMIF(WMS용마재고!$A:$A,"a130-03.25", WMS용마재고!$L:$L) -> 376 | P28: =SUMIF(WMS용마재고!$A:$A,"S130-03.50", WMS용마재고!$L:$L)+SUMIF(WMS용마재고!$A:$A,"a130-03.50", WMS용마재고!$L:$L) -> 742 | Q28: =SUMIF(WMS용마재고!$A:$A,"S130-03.75", WMS용마재고!$L:$L)+SUMIF(WMS용마재고!$A:$A,"a130-03.75", WMS용마재고!$L:$L) -> 513 | R28: =SUMIF(WMS용마재고!$A:$A,"S130-04.00", WMS용마재고!$L:$L)+SUMIF(WMS용마재고!$A:$A,"a130-04.00", WMS용마재고!$L:$L) -> 372 | S28: =SUMIF(WMS용마재고!$A:$A,"S130-04.25", WMS용마재고!$L:$L)+SUMIF(WMS용마재고!$A:$A,"a130-04.25", WMS용마재고!$L:$L) -> 754 | T28: =SUMIF(WMS용마재고!$A:$A,"S130-04.50", WMS용마재고!$L:$L)+SUMIF(WMS용마재고!$A:$A,"a130-04.50", WMS용마재고!$L:$L) -> 704 | U28: =SUMIF(WMS용마재고!$A:$A,"S130-04.75", WMS용마재고!$L:$L)+SUMIF(WMS용마재고!$A:$A,"a130-04.75", WMS용마재고!$L:$L) -> 627 | V28: =SUMIF(WMS용마재고!$A:$A,"S130-05.00", WMS용마재고!$L:$L)+SUMIF(WMS용마재고!$A:$A,"a130-05.00", WMS용마재고!$L:$L) -> 563 | W28: =SUMIF(WMS용마재고!$A:$A,"S130-05.25", WMS용마재고!$L:$L)+SUMIF(WMS용마재고!$A:$A,"a130-05.25", WMS용마재고!$L:$L) -> 492 | X28: =SUMIF(WMS용마재고!$A:$A,"S130-05.50", WMS용마재고!$L:$L)+SUMIF(WMS용마재고!$A:$A,"a130-05.50", WMS용마재고!$L:$L) -> 528 | Y28: =SUMIF(WMS용마재고!$A:$A,"S130-05.75", WMS용마재고!$L:$L)+SUMIF(WMS용마재고!$A:$A,"a130-05.75", WMS용마재고!$L:$L) -> 379 | Z28: =SUMIF(WMS용마재고!$A:$A,"S130-06.00", WMS용마재고!$L:$L)+SUMIF(WMS용마재고!$A:$A,"a130-06.00", WMS용마재고!$L:$L) -> 608 | AA28: =SUMIF(WMS용마재고!$A:$A,"S130-06.50", WMS용마재고!$L:$L)+SUMIF(WMS용마재고!$A:$A,"a130-06.50", WMS용마재고!$L:$L) -> 598 | AB28: =SUMIF(WMS용마재고!$A:$A,"S130-07.00", WMS용마재고!$L:$L)+SUMIF(WMS용마재고!$A:$A,"a130-07.00", WMS용마재고!$L:$L) -> 901 | AC28: =SUMIF(WMS용마재고!$A:$A,"S130-07.50", WMS용마재고!$L:$L)+SUMIF(WMS용마재고!$A:$A,"a130-07.50", WMS용마재고!$L:$L) -> 458 | AD28: =SUMIF(WMS용마재고!$A:$A,"S130-08.00", WMS용마재고!$L:$L)+SUMIF(WMS용마재고!$A:$A,"a130-08.00", WMS용마재고!$L:$L) -> 586 | AE28: =SUMIF(WMS용마재고!$A:$A,"S130-08.50", WMS용마재고!$L:$L) -> 155 | AF28: =SUMIF(WMS용마재고!$A:$A,"S130-09.00", WMS용마재고!$L:$L)+SUMIF(WMS용마재고!$A:$A,"a130-09.00", WMS용마재고!$L:$L) -> 303 | AG28: =SUMIF(WMS용마재고!$A:$A,"S130-09.50", WMS용마재고!$L:$L)+SUMIF(WMS용마재고!$A:$A,"a130-09.50", WMS용마재고!$L:$L) -> 657 | AH28: =SUMIF(WMS용마재고!$A:$A,"S130-10.00", WMS용마재고!$L:$L)+SUMIF(WMS용마재고!$A:$A,"a130-10.00", WMS용마재고!$L:$L) -> 189 | AN28: 째즈블랙 40P | AO28: =SUMIF(WMS용마재고!$A:$A,"S130-00.00", WMS용마재고!$L:$L)+SUMIF(WMS용마재고!$A:$A,"a130-00.00", WMS용마재고!$L:$L) -> 1298 | AP28: =SUMIF(WMS용마재고!$A:$A,"S130-00.50", WMS용마재고!$L:$L)+SUMIF(WMS용마재고!$A:$A,"a130-00.50", WMS용마재고!$L:$L) -> 393 | AQ28: =SUMIF(WMS용마재고!$A:$A,"S130-00.75", WMS용마재고!$L:$L)+SUMIF(WMS용마재고!$A:$A,"a130-00.75", WMS용마재고!$L:$L) -> 230 | AR28: =SUMIF(WMS용마재고!$A:$A,"S130-01.00", WMS용마재고!$L:$L)+SUMIF(WMS용마재고!$A:$A,"a130-01.00", WMS용마재고!$L:$L) -> 767 | AS28: =SUMIF(WMS용마재고!$A:$A,"S130-01.25", WMS용마재고!$L:$L)+SUMIF(WMS용마재고!$A:$A,"a130-01.25", WMS용마재고!$L:$L) -> 533 | AT28: =SUMIF(WMS용마재고!$A:$A,"S130-01.50", WMS용마재고!$L:$L)+SUMIF(WMS용마재고!$A:$A,"a130-01.50", WMS용마재고!$L:$L) -> 462 | AU28: =SUMIF(WMS용마재고!$A:$A,"S130-01.75", WMS용마재고!$L:$L)+SUMIF(WMS용마재고!$A:$A,"a130-01.75", WMS용마재고!$L:$L) -> 518 | AV28: =SUMIF(WMS용마재고!$A:$A,"S130-02.00", WMS용마재고!$L:$L)+SUMIF(WMS용마재고!$A:$A,"a130-02.00", WMS용마재고!$L:$L) -> 466 | AW28: =SUMIF(WMS용마재고!$A:$A,"S130-02.25", WMS용마재고!$L:$L)+SUMIF(WMS용마재고!$A:$A,"a130-02.25", WMS용마재고!$L:$L) -> 484 | AX28: =SUMIF(WMS용마재고!$A:$A,"S130-02.50", WMS용마재고!$L:$L)+SUMIF(WMS용마재고!$A:$A,"a130-02.50", WMS용마재고!$L:$L) -> 589 | AY28: =SUMIF(WMS용마재고!$A:$A,"S130-02.75", WMS용마재고!$L:$L)+SUMIF(WMS용마재고!$A:$A,"a130-02.75", WMS용마재고!$L:$L) -> 489 | AZ28: =SUMIF(WMS용마재고!$A:$A,"S130-03.00", WMS용마재고!$L:$L)+SUMIF(WMS용마재고!$A:$A,"a130-03.00", WMS용마재고!$L:$L) -> 469 | BA28: =SUMIF(WMS용마재고!$A:$A,"S130-03.25", WMS용마재고!$L:$L)+SUMIF(WMS용마재고!$A:$A,"a130-03.25", WMS용마재고!$L:$L) -> 376 | BB28: =SUMIF(WMS용마재고!$A:$A,"S130-03.50", WMS용마재고!$L:$L)+SUMIF(WMS용마재고!$A:$A,"a130-03.50", WMS용마재고!$L:$L) -> 742 | BC28: =SUMIF(WMS용마재고!$A:$A,"S130-03.75", WMS용마재고!$L:$L)+SUMIF(WMS용마재고!$A:$A,"a130-03.75", WMS용마재고!$L:$L) -> 513 | BD28: =SUMIF(WMS용마재고!$A:$A,"S130-04.00", WMS용마재고!$L:$L)+SUMIF(WMS용마재고!$A:$A,"a130-04.00", WMS용마재고!$L:$L) -> 372 | BE28: =SUMIF(WMS용마재고!$A:$A,"S130-04.25", WMS용마재고!$L:$L)+SUMIF(WMS용마재고!$A:$A,"a130-04.25", WMS용마재고!$L:$L) -> 754 | BF28: =SUMIF(WMS용마재고!$A:$A,"S130-04.50", WMS용마재고!$L:$L)+SUMIF(WMS용마재고!$A:$A,"a130-04.50", WMS용마재고!$L:$L) -> 704 | BG28: =SUMIF(WMS용마재고!$A:$A,"S130-04.75", WMS용마재고!$L:$L)+SUMIF(WMS용마재고!$A:$A,"a130-04.75", WMS용마재고!$L:$L) -> 627 | BH28: =SUMIF(WMS용마재고!$A:$A,"S130-05.00", WMS용마재고!$L:$L)+SUMIF(WMS용마재고!$A:$A,"a130-05.00", WMS용마재고!$L:$L) -> 563 | BI28: =SUMIF(WMS용마재고!$A:$A,"S130-05.25", WMS용마재고!$L:$L)+SUMIF(WMS용마재고!$A:$A,"a130-05.25", WMS용마재고!$L:$L) -> 492 | BJ28: =SUMIF(WMS용마재고!$A:$A,"S130-05.50", WMS용마재고!$L:$L)+SUMIF(WMS용마재고!$A:$A,"a130-05.50", WMS용마재고!$L:$L) -> 528 | BK28: =SUMIF(WMS용마재고!$A:$A,"S130-05.75", WMS용마재고!$L:$L)+SUMIF(WMS용마재고!$A:$A,"a130-05.75", WMS용마재고!$L:$L) -> 379 | BL28: =SUMIF(WMS용마재고!$A:$A,"S130-06.00", WMS용마재고!$L:$L)+SUMIF(WMS용마재고!$A:$A,"a130-06.00", WMS용마재고!$L:$L) -> 608 | BM28: =SUMIF(WMS용마재고!$A:$A,"S130-06.50", WMS용마재고!$L:$L)+SUMIF(WMS용마재고!$A:$A,"a130-06.50", WMS용마재고!$L:$L) -> 598 | BN28: =SUMIF(WMS용마재고!$A:$A,"S130-07.00", WMS용마재고!$L:$L)+SUMIF(WMS용마재고!$A:$A,"a130-07.00", WMS용마재고!$L:$L) -> 901 | BO28: =SUMIF(WMS용마재고!$A:$A,"S130-07.50", WMS용마재고!$L:$L)+SUMIF(WMS용마재고!$A:$A,"a130-07.50", WMS용마재고!$L:$L) -> 458 | BP28: =SUMIF(WMS용마재고!$A:$A,"S130-08.00", WMS용마재고!$L:$L)+SUMIF(WMS용마재고!$A:$A,"a130-08.00", WMS용마재고!$L:$L) -> 586 | BQ28: =SUMIF(WMS용마재고!$A:$A,"S130-08.50", WMS용마재고!$L:$L)+SUMIF(WMS용마재고!$A:$A,"a130-08.50", WMS용마재고!$L:$L) -> 155 | BR28: =SUMIF(WMS용마재고!$A:$A,"S130-09.00", WMS용마재고!$L:$L)+SUMIF(WMS용마재고!$A:$A,"a130-09.00", WMS용마재고!$L:$L) -> 303 | BS28: =SUMIF(WMS용마재고!$A:$A,"S130-09.50", WMS용마재고!$L:$L)+SUMIF(WMS용마재고!$A:$A,"a130-09.50", WMS용마재고!$L:$L) -> 657 | BT28: =SUMIF(WMS용마재고!$A:$A,"S130-10.00", WMS용마재고!$L:$L)+SUMIF(WMS용마재고!$A:$A,"a130-10.00", WMS용마재고!$L:$L) -> 189 | BU28: =SUMIF(WMS용마재고!$A:$A,"s123-10.50", WMS용마재고!$L:$L) -> 0 | BV28: =SUMIF(WMS용마재고!$A:$A,"s123-10.50", WMS용마재고!$L:$L) -> 0 | BW28: =SUMIF(WMS용마재고!$A:$A,"s123-10.50", WMS용마재고!$L:$L) -> 0 | BX28: =SUMIF(WMS용마재고!$A:$A,"s123-10.50", WMS용마재고!$L:$L) -> 0 | BY28: 1323 | BZ28: 393 | CA28: 230 | CB28: 777 | CC28: 543 | CD28: 472 | CE28: 528 | CF28: 476 | CG28: 494 | CH28: 599 | CI28: 499 | CJ28: 479 | CK28: 386 | CL28: 752 | CM28: 523 | CN28: 382 | CO28: 764 | CP28: 714 | CQ28: 637 | CR28: 573 | CS28: 492 | CT28: 528 | CU28: 379 | CV28: 608 | CW28: 598 | CX28: 901 | CY28: 458 | CZ28: 586 | DA28: 155 | DB28: 303 | DC28: 657 | DD28: 189 | DE28: 0 | DF28: 0 | DG28: 0 | DH28: 0 | DI28: =IF(AND(BY28<30, AO28>=30), "증가", "") | DJ28: =IF(AND(BZ28<30, AP28>=30), "증가", "") | DK28: =IF(AND(CA28<30, AQ28>=30), "증가", "") | DL28: =IF(AND(CB28<30, AR28>=30), "증가", "") | DM28: =IF(AND(CC28<30, AS28>=30), "증가", "") | DN28: =IF(AND(CD28<30, AT28>=30), "증가", "") | DO28: =IF(AND(CE28<30, AU28>=30), "증가", "") | DP28: =IF(AND(CF28<30, AV28>=30), "증가", "") | ... ER28: =IF(AND(DH28<30, BX28>=30), "증가", "") | ES28: =IF(AND(AO28<30, BY28>=30), "경고", "") | ET28: =IF(AND(AP28<30, BZ28>=30), "경고", "") | EU28: =IF(AND(AQ28<30, CA28>=30), "경고", "") | EV28: =IF(AND(AR28<30, CB28>=30), "경고", "") | EW28: =IF(AND(AS28<30, CC28>=30), "경고", "") | EX28: =IF(AND(AT28<30, CD28>=30), "경고", "") | EY28: =IF(AND(AU28<30, CE28>=30), "경고", "") | EZ28: =IF(AND(AV28<30, CF28>=30), "경고", "") | ... GB28: =IF(AND(BX28<30, DH28>=30), "경고", "")
A29: 11 | B29: 수지그레이 30P | C29: =SUMIF(WMS용마재고!$A:$A,"S145-00.00", WMS용마재고!$L:$L) -> 328 | D29: =SUMIF(WMS용마재고!$A:$A,"S145-00.50", WMS용마재고!$L:$L) -> 96 | E29: =SUMIF(WMS용마재고!$A:$A,"S145-00.75", WMS용마재고!$L:$L) -> 327 | F29: =SUMIF(WMS용마재고!$A:$A,"S145-01.00", WMS용마재고!$L:$L) -> 167 | G29: =SUMIF(WMS용마재고!$A:$A,"S145-01.25", WMS용마재고!$L:$L) -> 564 | H29: =SUMIF(WMS용마재고!$A:$A,"S145-01.50", WMS용마재고!$L:$L) -> 473 | I29: =SUMIF(WMS용마재고!$A:$A,"S145-01.75", WMS용마재고!$L:$L) -> 256 | J29: =SUMIF(WMS용마재고!$A:$A,"S145-02.00", WMS용마재고!$L:$L) -> 415 | K29: =SUMIF(WMS용마재고!$A:$A,"S145-02.25", WMS용마재고!$L:$L) -> 240 | L29: =SUMIF(WMS용마재고!$A:$A,"S145-02.50", WMS용마재고!$L:$L) -> 340 | M29: =SUMIF(WMS용마재고!$A:$A,"S145-02.75", WMS용마재고!$L:$L) -> 311 | N29: =SUMIF(WMS용마재고!$A:$A,"S145-03.00", WMS용마재고!$L:$L) -> 315 | O29: =SUMIF(WMS용마재고!$A:$A,"S145-03.25", WMS용마재고!$L:$L) -> 332 | P29: =SUMIF(WMS용마재고!$A:$A,"S145-03.50", WMS용마재고!$L:$L) -> 253 | Q29: =SUMIF(WMS용마재고!$A:$A,"S145-03.75", WMS용마재고!$L:$L) -> 371 | R29: =SUMIF(WMS용마재고!$A:$A,"S145-04.00", WMS용마재고!$L:$L) -> 533 | S29: =SUMIF(WMS용마재고!$A:$A,"S145-04.25", WMS용마재고!$L:$L) -> 348 | T29: =SUMIF(WMS용마재고!$A:$A,"S145-04.50", WMS용마재고!$L:$L) -> 138 | U29: =SUMIF(WMS용마재고!$A:$A,"S145-04.75", WMS용마재고!$L:$L) -> 195 | V29: =SUMIF(WMS용마재고!$A:$A,"S145-05.00", WMS용마재고!$L:$L) -> 330 | W29: =SUMIF(WMS용마재고!$A:$A,"S145-05.25", WMS용마재고!$L:$L) -> 374 | X29: =SUMIF(WMS용마재고!$A:$A,"S145-05.50", WMS용마재고!$L:$L) -> 191 | Y29: =SUMIF(WMS용마재고!$A:$A,"S145-05.75", WMS용마재고!$L:$L) -> 387 | Z29: =SUMIF(WMS용마재고!$A:$A,"S145-06.00", WMS용마재고!$L:$L) -> 215 | AA29: =SUMIF(WMS용마재고!$A:$A,"S145-06.50", WMS용마재고!$L:$L) -> 108 | AB29: =SUMIF(WMS용마재고!$A:$A,"S145-07.00", WMS용마재고!$L:$L) -> 262 | AC29: =SUMIF(WMS용마재고!$A:$A,"S145-07.50", WMS용마재고!$L:$L) -> 297 | AD29: =SUMIF(WMS용마재고!$A:$A,"S145-08.00", WMS용마재고!$L:$L) -> 506 | AE29: =SUMIF(WMS용마재고!$A:$A,"S145-08.50", WMS용마재고!$L:$L) -> 275 | AF29: =SUMIF(WMS용마재고!$A:$A,"S145-09.00", WMS용마재고!$L:$L) -> 170 | AG29: =SUMIF(WMS용마재고!$A:$A,"S145-09.50", WMS용마재고!$L:$L) -> 409 | AH29: =SUMIF(WMS용마재고!$A:$A,"S145-10.00", WMS용마재고!$L:$L) -> 160 | AN29: 수지그레이 30P | AO29: =SUMIF(WMS용마재고!$A:$A,"S145-00.00", WMS용마재고!$L:$L) -> 328 | AP29: =SUMIF(WMS용마재고!$A:$A,"S145-00.50", WMS용마재고!$L:$L) -> 96 | AQ29: =SUMIF(WMS용마재고!$A:$A,"S145-00.75", WMS용마재고!$L:$L) -> 327 | AR29: =SUMIF(WMS용마재고!$A:$A,"S145-01.00", WMS용마재고!$L:$L) -> 167 | AS29: =SUMIF(WMS용마재고!$A:$A,"S145-01.25", WMS용마재고!$L:$L) -> 564 | AT29: =SUMIF(WMS용마재고!$A:$A,"S145-01.50", WMS용마재고!$L:$L) -> 473 | AU29: =SUMIF(WMS용마재고!$A:$A,"S145-01.75", WMS용마재고!$L:$L) -> 256 | AV29: =SUMIF(WMS용마재고!$A:$A,"S145-02.00", WMS용마재고!$L:$L) -> 415 | AW29: =SUMIF(WMS용마재고!$A:$A,"S145-02.25", WMS용마재고!$L:$L) -> 240 | AX29: =SUMIF(WMS용마재고!$A:$A,"S145-02.50", WMS용마재고!$L:$L) -> 340 | AY29: =SUMIF(WMS용마재고!$A:$A,"S145-02.75", WMS용마재고!$L:$L) -> 311 | AZ29: =SUMIF(WMS용마재고!$A:$A,"S145-03.00", WMS용마재고!$L:$L) -> 315 | BA29: =SUMIF(WMS용마재고!$A:$A,"S145-03.25", WMS용마재고!$L:$L) -> 332 | BB29: =SUMIF(WMS용마재고!$A:$A,"S145-03.50", WMS용마재고!$L:$L) -> 253 | BC29: =SUMIF(WMS용마재고!$A:$A,"S145-03.75", WMS용마재고!$L:$L) -> 371 | BD29: =SUMIF(WMS용마재고!$A:$A,"S145-04.00", WMS용마재고!$L:$L) -> 533 | BE29: =SUMIF(WMS용마재고!$A:$A,"S145-04.25", WMS용마재고!$L:$L) -> 348 | BF29: =SUMIF(WMS용마재고!$A:$A,"S145-04.50", WMS용마재고!$L:$L) -> 138 | BG29: =SUMIF(WMS용마재고!$A:$A,"S145-04.75", WMS용마재고!$L:$L) -> 195 | BH29: =SUMIF(WMS용마재고!$A:$A,"S145-05.00", WMS용마재고!$L:$L) -> 330 | BI29: =SUMIF(WMS용마재고!$A:$A,"S145-05.25", WMS용마재고!$L:$L) -> 374 | BJ29: =SUMIF(WMS용마재고!$A:$A,"S145-05.50", WMS용마재고!$L:$L) -> 191 | BK29: =SUMIF(WMS용마재고!$A:$A,"S145-05.75", WMS용마재고!$L:$L) -> 387 | BL29: =SUMIF(WMS용마재고!$A:$A,"S145-06.00", WMS용마재고!$L:$L) -> 215 | BM29: =SUMIF(WMS용마재고!$A:$A,"S145-06.50", WMS용마재고!$L:$L) -> 108 | BN29: =SUMIF(WMS용마재고!$A:$A,"S145-07.00", WMS용마재고!$L:$L) -> 262 | BO29: =SUMIF(WMS용마재고!$A:$A,"S145-07.50", WMS용마재고!$L:$L) -> 297 | BP29: =SUMIF(WMS용마재고!$A:$A,"S145-08.00", WMS용마재고!$L:$L) -> 506 | BQ29: =SUMIF(WMS용마재고!$A:$A,"S145-08.50", WMS용마재고!$L:$L) -> 275 | BR29: =SUMIF(WMS용마재고!$A:$A,"S145-09.00", WMS용마재고!$L:$L) -> 170 | BS29: =SUMIF(WMS용마재고!$A:$A,"S145-09.50", WMS용마재고!$L:$L) -> 409 | BT29: =SUMIF(WMS용마재고!$A:$A,"S145-10.00", WMS용마재고!$L:$L) -> 160 | BU29: =SUMIF(WMS용마재고!$A:$A,"s123-10.50", WMS용마재고!$L:$L) -> 0 | BV29: =SUMIF(WMS용마재고!$A:$A,"s123-10.50", WMS용마재고!$L:$L) -> 0 | BW29: =SUMIF(WMS용마재고!$A:$A,"s123-10.50", WMS용마재고!$L:$L) -> 0 | BX29: =SUMIF(WMS용마재고!$A:$A,"s123-10.50", WMS용마재고!$L:$L) -> 0 | BY29: 348 | BZ29: 96 | CA29: 327 | CB29: 177 | CC29: 564 | CD29: 478 | CE29: 261 | CF29: 420 | CG29: 240 | CH29: 345 | CI29: 311 | CJ29: 320 | CK29: 332 | CL29: 258 | CM29: 371 | CN29: 538 | CO29: 348 | CP29: 143 | CQ29: 195 | CR29: 335 | CS29: 374 | CT29: 191 | CU29: 387 | CV29: 215 | CW29: 108 | CX29: 262 | CY29: 297 | CZ29: 506 | DA29: 275 | DB29: 170 | DC29: 409 | DD29: 160 | DE29: 0 | DF29: 0 | DG29: 0 | DH29: 0 | DI29: =IF(AND(BY29<30, AO29>=30), "증가", "") | DJ29: =IF(AND(BZ29<30, AP29>=30), "증가", "") | DK29: =IF(AND(CA29<30, AQ29>=30), "증가", "") | DL29: =IF(AND(CB29<30, AR29>=30), "증가", "") | DM29: =IF(AND(CC29<30, AS29>=30), "증가", "") | DN29: =IF(AND(CD29<30, AT29>=30), "증가", "") | DO29: =IF(AND(CE29<30, AU29>=30), "증가", "") | DP29: =IF(AND(CF29<30, AV29>=30), "증가", "") | ... ER29: =IF(AND(DH29<30, BX29>=30), "증가", "") | ES29: =IF(AND(AO29<30, BY29>=30), "경고", "") | ET29: =IF(AND(AP29<30, BZ29>=30), "경고", "") | EU29: =IF(AND(AQ29<30, CA29>=30), "경고", "") | EV29: =IF(AND(AR29<30, CB29>=30), "경고", "") | EW29: =IF(AND(AS29<30, CC29>=30), "경고", "") | EX29: =IF(AND(AT29<30, CD29>=30), "경고", "") | EY29: =IF(AND(AU29<30, CE29>=30), "경고", "") | EZ29: =IF(AND(AV29<30, CF29>=30), "경고", "") | ... GB29: =IF(AND(BX29<30, DH29>=30), "경고", "")
A30: 12 | B30: 수지브라운 30P | C30: =SUMIF(WMS용마재고!$A:$A,"S172-00.00", WMS용마재고!$L:$L) -> 287 | D30: =SUMIF(WMS용마재고!$A:$A,"S172-00.50", WMS용마재고!$L:$L) -> 537 | E30: =SUMIF(WMS용마재고!$A:$A,"S172-00.75", WMS용마재고!$L:$L) -> 95 | F30: =SUMIF(WMS용마재고!$A:$A,"S172-01.00", WMS용마재고!$L:$L) -> 342 | G30: =SUMIF(WMS용마재고!$A:$A,"S172-01.25", WMS용마재고!$L:$L) -> 103 | H30: =SUMIF(WMS용마재고!$A:$A,"S172-01.50", WMS용마재고!$L:$L) -> 312 | I30: =SUMIF(WMS용마재고!$A:$A,"S172-01.75", WMS용마재고!$L:$L) -> 349 | J30: =SUMIF(WMS용마재고!$A:$A,"S172-02.00", WMS용마재고!$L:$L) -> 431 | K30: =SUMIF(WMS용마재고!$A:$A,"S172-02.25", WMS용마재고!$L:$L) -> 347 | L30: =SUMIF(WMS용마재고!$A:$A,"S172-02.50", WMS용마재고!$L:$L) -> 123 | M30: =SUMIF(WMS용마재고!$A:$A,"S172-02.75", WMS용마재고!$L:$L) -> 269 | N30: =SUMIF(WMS용마재고!$A:$A,"S172-03.00", WMS용마재고!$L:$L) -> 376 | O30: =SUMIF(WMS용마재고!$A:$A,"S172-03.25", WMS용마재고!$L:$L) -> 18 | P30: =SUMIF(WMS용마재고!$A:$A,"S172-03.50", WMS용마재고!$L:$L) -> 470 | Q30: =SUMIF(WMS용마재고!$A:$A,"S172-03.75", WMS용마재고!$L:$L) -> 361 | R30: =SUMIF(WMS용마재고!$A:$A,"S172-04.00", WMS용마재고!$L:$L) -> 18 | S30: =SUMIF(WMS용마재고!$A:$A,"S172-04.25", WMS용마재고!$L:$L) -> 532 | T30: =SUMIF(WMS용마재고!$A:$A,"S172-04.50", WMS용마재고!$L:$L) -> 335 | U30: =SUMIF(WMS용마재고!$A:$A,"S172-04.75", WMS용마재고!$L:$L) -> 1697 | V30: =SUMIF(WMS용마재고!$A:$A,"S172-05.00", WMS용마재고!$L:$L) -> 106 | W30: =SUMIF(WMS용마재고!$A:$A,"S172-05.25", WMS용마재고!$L:$L) -> 1076 | X30: =SUMIF(WMS용마재고!$A:$A,"S172-05.50", WMS용마재고!$L:$L) -> 43 | Y30: =SUMIF(WMS용마재고!$A:$A,"S172-05.75", WMS용마재고!$L:$L) -> 21 | Z30: =SUMIF(WMS용마재고!$A:$A,"S172-06.00", WMS용마재고!$L:$L) -> 191 | AA30: =SUMIF(WMS용마재고!$A:$A,"S172-06.50", WMS용마재고!$L:$L) -> 357 | AB30: =SUMIF(WMS용마재고!$A:$A,"S172-07.00", WMS용마재고!$L:$L) -> 571 | AC30: =SUMIF(WMS용마재고!$A:$A,"S172-07.50", WMS용마재고!$L:$L) -> 271 | AD30: =SUMIF(WMS용마재고!$A:$A,"S172-08.00", WMS용마재고!$L:$L) -> 124 | AE30: =SUMIF(WMS용마재고!$A:$A,"S172-08.50", WMS용마재고!$L:$L) -> 572 | AF30: =SUMIF(WMS용마재고!$A:$A,"S172-09.00", WMS용마재고!$L:$L) -> 282 | AG30: =SUMIF(WMS용마재고!$A:$A,"S172-09.50", WMS용마재고!$L:$L) -> 169 | AH30: =SUMIF(WMS용마재고!$A:$A,"S172-10.00", WMS용마재고!$L:$L) -> 309 | AN30: 수지브라운 30P | AO30: =SUMIF(WMS용마재고!$A:$A,"S172-00.00", WMS용마재고!$L:$L) -> 287 | AP30: =SUMIF(WMS용마재고!$A:$A,"S172-00.50", WMS용마재고!$L:$L) -> 537 | AQ30: =SUMIF(WMS용마재고!$A:$A,"S172-00.75", WMS용마재고!$L:$L) -> 95 | AR30: =SUMIF(WMS용마재고!$A:$A,"S172-01.00", WMS용마재고!$L:$L) -> 342 | AS30: =SUMIF(WMS용마재고!$A:$A,"S172-01.25", WMS용마재고!$L:$L) -> 103 | AT30: =SUMIF(WMS용마재고!$A:$A,"S172-01.50", WMS용마재고!$L:$L) -> 312 | AU30: =SUMIF(WMS용마재고!$A:$A,"S172-01.75", WMS용마재고!$L:$L) -> 349 | AV30: =SUMIF(WMS용마재고!$A:$A,"S172-02.00", WMS용마재고!$L:$L) -> 431 | AW30: =SUMIF(WMS용마재고!$A:$A,"S172-02.25", WMS용마재고!$L:$L) -> 347 | AX30: =SUMIF(WMS용마재고!$A:$A,"S172-02.50", WMS용마재고!$L:$L) -> 123 | AY30: =SUMIF(WMS용마재고!$A:$A,"S172-02.75", WMS용마재고!$L:$L) -> 269 | AZ30: =SUMIF(WMS용마재고!$A:$A,"S172-03.00", WMS용마재고!$L:$L) -> 376 | BA30: =SUMIF(WMS용마재고!$A:$A,"S172-03.25", WMS용마재고!$L:$L) -> 18 | BB30: =SUMIF(WMS용마재고!$A:$A,"S172-03.50", WMS용마재고!$L:$L) -> 470 | BC30: =SUMIF(WMS용마재고!$A:$A,"S172-03.75", WMS용마재고!$L:$L) -> 361 | BD30: =SUMIF(WMS용마재고!$A:$A,"S172-04.00", WMS용마재고!$L:$L) -> 18 | BE30: =SUMIF(WMS용마재고!$A:$A,"S172-04.25", WMS용마재고!$L:$L) -> 532 | BF30: =SUMIF(WMS용마재고!$A:$A,"S172-04.50", WMS용마재고!$L:$L) -> 335 | BG30: =SUMIF(WMS용마재고!$A:$A,"S172-04.75", WMS용마재고!$L:$L) -> 1697 | BH30: =SUMIF(WMS용마재고!$A:$A,"S172-05.00", WMS용마재고!$L:$L) -> 106 | BI30: =SUMIF(WMS용마재고!$A:$A,"S172-05.25", WMS용마재고!$L:$L) -> 1076 | BJ30: =SUMIF(WMS용마재고!$A:$A,"S172-05.50", WMS용마재고!$L:$L) -> 43 | BK30: =SUMIF(WMS용마재고!$A:$A,"S172-05.75", WMS용마재고!$L:$L) -> 21 | BL30: =SUMIF(WMS용마재고!$A:$A,"S172-06.00", WMS용마재고!$L:$L) -> 191 | BM30: =SUMIF(WMS용마재고!$A:$A,"S172-06.50", WMS용마재고!$L:$L) -> 357 | BN30: =SUMIF(WMS용마재고!$A:$A,"S172-07.00", WMS용마재고!$L:$L) -> 571 | BO30: =SUMIF(WMS용마재고!$A:$A,"S172-07.50", WMS용마재고!$L:$L) -> 271 | BP30: =SUMIF(WMS용마재고!$A:$A,"S172-08.00", WMS용마재고!$L:$L) -> 124 | BQ30: =SUMIF(WMS용마재고!$A:$A,"S172-08.50", WMS용마재고!$L:$L) -> 572 | BR30: =SUMIF(WMS용마재고!$A:$A,"S172-09.00", WMS용마재고!$L:$L) -> 282 | BS30: =SUMIF(WMS용마재고!$A:$A,"S172-09.50", WMS용마재고!$L:$L) -> 169 | BT30: =SUMIF(WMS용마재고!$A:$A,"S172-10.00", WMS용마재고!$L:$L) -> 309 | BU30: =SUMIF(WMS용마재고!$A:$A,"s123-10.50", WMS용마재고!$L:$L) -> 0 | BV30: =SUMIF(WMS용마재고!$A:$A,"s123-10.50", WMS용마재고!$L:$L) -> 0 | BW30: =SUMIF(WMS용마재고!$A:$A,"s123-10.50", WMS용마재고!$L:$L) -> 0 | BX30: =SUMIF(WMS용마재고!$A:$A,"s123-10.50", WMS용마재고!$L:$L) -> 0 | BY30: 287 | BZ30: 537 | CA30: 95 | CB30: 342 | CC30: 103 | CD30: 312 | CE30: 349 | CF30: 431 | CG30: 347 | CH30: 123 | CI30: 269 | CJ30: 376 | CK30: 18 | CL30: 470 | CM30: 361 | CN30: 18 | CO30: 532 | CP30: 335 | CQ30: 1697 | CR30: 106 | CS30: 1076 | CT30: 43 | CU30: 21 | CV30: 191 | CW30: 357 | CX30: 571 | CY30: 271 | CZ30: 124 | DA30: 572 | DB30: 282 | DC30: 169 | DD30: 309 | DE30: 0 | DF30: 0 | DG30: 0 | DH30: 0 | DI30: =IF(AND(BY30<30, AO30>=30), "증가", "") | DJ30: =IF(AND(BZ30<30, AP30>=30), "증가", "") | DK30: =IF(AND(CA30<30, AQ30>=30), "증가", "") | DL30: =IF(AND(CB30<30, AR30>=30), "증가", "") | DM30: =IF(AND(CC30<30, AS30>=30), "증가", "") | DN30: =IF(AND(CD30<30, AT30>=30), "증가", "") | DO30: =IF(AND(CE30<30, AU30>=30), "증가", "") | DP30: =IF(AND(CF30<30, AV30>=30), "증가", "") | ... ER30: =IF(AND(DH30<30, BX30>=30), "증가", "") | ES30: =IF(AND(AO30<30, BY30>=30), "경고", "") | ET30: =IF(AND(AP30<30, BZ30>=30), "경고", "") | EU30: =IF(AND(AQ30<30, CA30>=30), "경고", "") | EV30: =IF(AND(AR30<30, CB30>=30), "경고", "") | EW30: =IF(AND(AS30<30, CC30>=30), "경고", "") | EX30: =IF(AND(AT30<30, CD30>=30), "경고", "") | EY30: =IF(AND(AU30<30, CE30>=30), "경고", "") | EZ30: =IF(AND(AV30<30, CF30>=30), "경고", "") | ... GB30: =IF(AND(BX30<30, DH30>=30), "경고", "")
A31: 13 | B31: 알리샤 브라운 30p | C31: =SUMIF(WMS용마재고!$A:$A,"S149-00.00", WMS용마재고!$L:$L) -> 334 | D31: =SUMIF(WMS용마재고!$A:$A,"S149-00.50", WMS용마재고!$L:$L) -> 111 | E31: =SUMIF(WMS용마재고!$A:$A,"S149-00.75", WMS용마재고!$L:$L) -> 87 | F31: =SUMIF(WMS용마재고!$A:$A,"S149-01.00", WMS용마재고!$L:$L) -> 243 | G31: =SUMIF(WMS용마재고!$A:$A,"S149-01.25", WMS용마재고!$L:$L) -> 117 | H31: =SUMIF(WMS용마재고!$A:$A,"S149-01.50", WMS용마재고!$L:$L) -> 499 | I31: =SUMIF(WMS용마재고!$A:$A,"S149-01.75", WMS용마재고!$L:$L) -> 233 | J31: =SUMIF(WMS용마재고!$A:$A,"S149-02.00", WMS용마재고!$L:$L) -> 127 | K31: =SUMIF(WMS용마재고!$A:$A,"S149-02.25", WMS용마재고!$L:$L) -> 148 | L31: =SUMIF(WMS용마재고!$A:$A,"S149-02.50", WMS용마재고!$L:$L) -> 217 | M31: =SUMIF(WMS용마재고!$A:$A,"S149-02.75", WMS용마재고!$L:$L) -> 117 | N31: =SUMIF(WMS용마재고!$A:$A,"S149-03.00", WMS용마재고!$L:$L) -> 130 | O31: =SUMIF(WMS용마재고!$A:$A,"S149-03.25", WMS용마재고!$L:$L) -> 268 | P31: =SUMIF(WMS용마재고!$A:$A,"S149-03.50", WMS용마재고!$L:$L) -> 238 | Q31: =SUMIF(WMS용마재고!$A:$A,"S149-03.75", WMS용마재고!$L:$L) -> 206 | R31: =SUMIF(WMS용마재고!$A:$A,"S149-04.00", WMS용마재고!$L:$L) -> 193 | S31: =SUMIF(WMS용마재고!$A:$A,"S149-04.25", WMS용마재고!$L:$L) -> 128 | T31: =SUMIF(WMS용마재고!$A:$A,"S149-04.50", WMS용마재고!$L:$L) -> 103 | U31: =SUMIF(WMS용마재고!$A:$A,"S149-04.75", WMS용마재고!$L:$L) -> 112 | V31: =SUMIF(WMS용마재고!$A:$A,"S149-05.00", WMS용마재고!$L:$L) -> 350 | W31: =SUMIF(WMS용마재고!$A:$A,"S149-05.25", WMS용마재고!$L:$L) -> 126 | X31: =SUMIF(WMS용마재고!$A:$A,"S149-05.50", WMS용마재고!$L:$L) -> 145 | Y31: =SUMIF(WMS용마재고!$A:$A,"S149-05.75", WMS용마재고!$L:$L) -> 150 | Z31: =SUMIF(WMS용마재고!$A:$A,"S149-06.00", WMS용마재고!$L:$L) -> 253 | AA31: =SUMIF(WMS용마재고!$A:$A,"S149-06.50", WMS용마재고!$L:$L) -> 202 | AB31: =SUMIF(WMS용마재고!$A:$A,"S149-07.00", WMS용마재고!$L:$L) -> 67 | AC31: =SUMIF(WMS용마재고!$A:$A,"S149-07.50", WMS용마재고!$L:$L) -> 240 | AD31: =SUMIF(WMS용마재고!$A:$A,"S149-08.00", WMS용마재고!$L:$L) -> 70 | AE31: =SUMIF(WMS용마재고!$A:$A,"S149-08.50", WMS용마재고!$L:$L) -> 55 | AF31: =SUMIF(WMS용마재고!$A:$A,"S149-09.00", WMS용마재고!$L:$L) -> 306 | AG31: =SUMIF(WMS용마재고!$A:$A,"S149-09.50", WMS용마재고!$L:$L) -> 135 | AH31: =SUMIF(WMS용마재고!$A:$A,"S149-10.00", WMS용마재고!$L:$L) -> 135 | AN31: 알리샤 브라운 30p | AO31: =SUMIF(WMS용마재고!$A:$A,"S149-00.00", WMS용마재고!$L:$L) -> 334 | AP31: =SUMIF(WMS용마재고!$A:$A,"S149-00.50", WMS용마재고!$L:$L) -> 111 | AQ31: =SUMIF(WMS용마재고!$A:$A,"S149-00.75", WMS용마재고!$L:$L) -> 87 | AR31: =SUMIF(WMS용마재고!$A:$A,"S149-01.00", WMS용마재고!$L:$L) -> 243 | AS31: =SUMIF(WMS용마재고!$A:$A,"S149-01.25", WMS용마재고!$L:$L) -> 117 | AT31: =SUMIF(WMS용마재고!$A:$A,"S149-01.50", WMS용마재고!$L:$L) -> 499 | AU31: =SUMIF(WMS용마재고!$A:$A,"S149-01.75", WMS용마재고!$L:$L) -> 233 | AV31: =SUMIF(WMS용마재고!$A:$A,"S149-02.00", WMS용마재고!$L:$L) -> 127 | AW31: =SUMIF(WMS용마재고!$A:$A,"S149-02.25", WMS용마재고!$L:$L) -> 148 | AX31: =SUMIF(WMS용마재고!$A:$A,"S149-02.50", WMS용마재고!$L:$L) -> 217 | AY31: =SUMIF(WMS용마재고!$A:$A,"S149-02.75", WMS용마재고!$L:$L) -> 117 | AZ31: =SUMIF(WMS용마재고!$A:$A,"S149-03.00", WMS용마재고!$L:$L) -> 130 | BA31: =SUMIF(WMS용마재고!$A:$A,"S149-03.25", WMS용마재고!$L:$L) -> 268 | BB31: =SUMIF(WMS용마재고!$A:$A,"S149-03.50", WMS용마재고!$L:$L) -> 238 | BC31: =SUMIF(WMS용마재고!$A:$A,"S149-03.75", WMS용마재고!$L:$L) -> 206 | BD31: =SUMIF(WMS용마재고!$A:$A,"S149-04.00", WMS용마재고!$L:$L) -> 193 | BE31: =SUMIF(WMS용마재고!$A:$A,"S149-04.25", WMS용마재고!$L:$L) -> 128 | BF31: =SUMIF(WMS용마재고!$A:$A,"S149-04.50", WMS용마재고!$L:$L) -> 103 | BG31: =SUMIF(WMS용마재고!$A:$A,"S149-04.75", WMS용마재고!$L:$L) -> 112 | BH31: =SUMIF(WMS용마재고!$A:$A,"S149-05.00", WMS용마재고!$L:$L) -> 350 | BI31: =SUMIF(WMS용마재고!$A:$A,"S149-05.25", WMS용마재고!$L:$L) -> 126 | BJ31: =SUMIF(WMS용마재고!$A:$A,"S149-05.50", WMS용마재고!$L:$L) -> 145 | BK31: =SUMIF(WMS용마재고!$A:$A,"S149-05.75", WMS용마재고!$L:$L) -> 150 | BL31: =SUMIF(WMS용마재고!$A:$A,"S149-06.00", WMS용마재고!$L:$L) -> 253 | BM31: =SUMIF(WMS용마재고!$A:$A,"S149-06.50", WMS용마재고!$L:$L) -> 202 | BN31: =SUMIF(WMS용마재고!$A:$A,"S149-07.00", WMS용마재고!$L:$L) -> 67 | BO31: =SUMIF(WMS용마재고!$A:$A,"S149-07.50", WMS용마재고!$L:$L) -> 240 | BP31: =SUMIF(WMS용마재고!$A:$A,"S149-08.00", WMS용마재고!$L:$L) -> 70 | BQ31: =SUMIF(WMS용마재고!$A:$A,"S149-08.50", WMS용마재고!$L:$L) -> 55 | BR31: =SUMIF(WMS용마재고!$A:$A,"S149-09.00", WMS용마재고!$L:$L) -> 306 | BS31: =SUMIF(WMS용마재고!$A:$A,"S149-09.50", WMS용마재고!$L:$L) -> 135 | BT31: =SUMIF(WMS용마재고!$A:$A,"S149-10.00", WMS용마재고!$L:$L) -> 135 | BU31: =SUMIF(WMS용마재고!$A:$A,"s123-10.50", WMS용마재고!$L:$L) -> 0 | BV31: =SUMIF(WMS용마재고!$A:$A,"s123-10.50", WMS용마재고!$L:$L) -> 0 | BW31: =SUMIF(WMS용마재고!$A:$A,"s123-10.50", WMS용마재고!$L:$L) -> 0 | BX31: =SUMIF(WMS용마재고!$A:$A,"s123-10.50", WMS용마재고!$L:$L) -> 0 | BY31: 334 | BZ31: 111 | CA31: 87 | CB31: 243 | CC31: 117 | CD31: 499 | CE31: 233 | CF31: 127 | CG31: 148 | CH31: 217 | CI31: 117 | CJ31: 130 | CK31: 268 | CL31: 238 | CM31: 206 | CN31: 193 | CO31: 128 | CP31: 103 | CQ31: 112 | CR31: 350 | CS31: 126 | CT31: 145 | CU31: 150 | CV31: 253 | CW31: 202 | CX31: 67 | CY31: 240 | CZ31: 70 | DA31: 55 | DB31: 306 | DC31: 135 | DD31: 135 | DE31: 0 | DF31: 0 | DG31: 0 | DH31: 0 | DI31: =IF(AND(BY31<30, AO31>=30), "증가", "") | DJ31: =IF(AND(BZ31<30, AP31>=30), "증가", "") | DK31: =IF(AND(CA31<30, AQ31>=30), "증가", "") | DL31: =IF(AND(CB31<30, AR31>=30), "증가", "") | DM31: =IF(AND(CC31<30, AS31>=30), "증가", "") | DN31: =IF(AND(CD31<30, AT31>=30), "증가", "") | DO31: =IF(AND(CE31<30, AU31>=30), "증가", "") | DP31: =IF(AND(CF31<30, AV31>=30), "증가", "") | ... ER31: =IF(AND(DH31<30, BX31>=30), "증가", "") | ES31: =IF(AND(AO31<30, BY31>=30), "경고", "") | ET31: =IF(AND(AP31<30, BZ31>=30), "경고", "") | EU31: =IF(AND(AQ31<30, CA31>=30), "경고", "") | EV31: =IF(AND(AR31<30, CB31>=30), "경고", "") | EW31: =IF(AND(AS31<30, CC31>=30), "경고", "") | EX31: =IF(AND(AT31<30, CD31>=30), "경고", "") | EY31: =IF(AND(AU31<30, CE31>=30), "경고", "") | EZ31: =IF(AND(AV31<30, CF31>=30), "경고", "") | ... GB31: =IF(AND(BX31<30, DH31>=30), "경고", "")
A32: 14 | B32: 블루문 40p | C32: =SUMIF(WMS용마재고!$A:$A,"S162-00.00", WMS용마재고!$L:$L) -> 411 | D32: =SUMIF(WMS용마재고!$A:$A,"S162-00.50", WMS용마재고!$L:$L) -> 410 | E32: =SUMIF(WMS용마재고!$A:$A,"S162-00.75", WMS용마재고!$L:$L) -> 13 | F32: =SUMIF(WMS용마재고!$A:$A,"S162-01.00", WMS용마재고!$L:$L) -> 165 | G32: =SUMIF(WMS용마재고!$A:$A,"S162-01.25", WMS용마재고!$L:$L) -> 193 | H32: =SUMIF(WMS용마재고!$A:$A,"S162-01.50", WMS용마재고!$L:$L) -> 177 | I32: =SUMIF(WMS용마재고!$A:$A,"S162-01.75", WMS용마재고!$L:$L) -> 128 | J32: =SUMIF(WMS용마재고!$A:$A,"S162-02.00", WMS용마재고!$L:$L) -> 187 | K32: =SUMIF(WMS용마재고!$A:$A,"S162-02.25", WMS용마재고!$L:$L) -> 209 | L32: =SUMIF(WMS용마재고!$A:$A,"S162-02.50", WMS용마재고!$L:$L) -> 164 | M32: =SUMIF(WMS용마재고!$A:$A,"S162-02.75", WMS용마재고!$L:$L) -> 232 | N32: =SUMIF(WMS용마재고!$A:$A,"S162-03.00", WMS용마재고!$L:$L) -> 118 | O32: =SUMIF(WMS용마재고!$A:$A,"S162-03.25", WMS용마재고!$L:$L) -> 325 | P32: =SUMIF(WMS용마재고!$A:$A,"S162-03.50", WMS용마재고!$L:$L) -> 157 | Q32: =SUMIF(WMS용마재고!$A:$A,"S162-03.75", WMS용마재고!$L:$L) -> 93 | R32: =SUMIF(WMS용마재고!$A:$A,"S162-04.00", WMS용마재고!$L:$L) -> 126 | S32: =SUMIF(WMS용마재고!$A:$A,"S162-04.25", WMS용마재고!$L:$L) -> 228 | T32: =SUMIF(WMS용마재고!$A:$A,"S162-04.50", WMS용마재고!$L:$L) -> 178 | U32: =SUMIF(WMS용마재고!$A:$A,"S162-04.75", WMS용마재고!$L:$L) -> 128 | V32: =SUMIF(WMS용마재고!$A:$A,"S162-05.00", WMS용마재고!$L:$L) -> 140 | W32: =SUMIF(WMS용마재고!$A:$A,"S162-05.25", WMS용마재고!$L:$L) -> 435 | X32: =SUMIF(WMS용마재고!$A:$A,"S162-05.50", WMS용마재고!$L:$L) -> 116 | Y32: =SUMIF(WMS용마재고!$A:$A,"S162-05.75", WMS용마재고!$L:$L) -> 123 | Z32: =SUMIF(WMS용마재고!$A:$A,"S162-06.00", WMS용마재고!$L:$L) -> 123 | AA32: =SUMIF(WMS용마재고!$A:$A,"S162-06.50", WMS용마재고!$L:$L) -> 226 | AB32: =SUMIF(WMS용마재고!$A:$A,"S162-07.00", WMS용마재고!$L:$L) -> 149 | AC32: =SUMIF(WMS용마재고!$A:$A,"S162-07.50", WMS용마재고!$L:$L) -> 237 | AD32: =SUMIF(WMS용마재고!$A:$A,"S162-08.00", WMS용마재고!$L:$L) -> 440 | AE32: =SUMIF(WMS용마재고!$A:$A,"S162-08.50", WMS용마재고!$L:$L) -> 64 | AF32: =SUMIF(WMS용마재고!$A:$A,"S162-09.00", WMS용마재고!$L:$L) -> 355 | AG32: =SUMIF(WMS용마재고!$A:$A,"S162-09.50", WMS용마재고!$L:$L) -> 67 | AH32: =SUMIF(WMS용마재고!$A:$A,"S162-10.00", WMS용마재고!$L:$L) -> 323 | AN32: 블루문 40p | AO32: =SUMIF(WMS용마재고!$A:$A,"S162-00.00", WMS용마재고!$L:$L) -> 411 | AP32: =SUMIF(WMS용마재고!$A:$A,"S162-00.50", WMS용마재고!$L:$L) -> 410 | AQ32: =SUMIF(WMS용마재고!$A:$A,"S162-00.75", WMS용마재고!$L:$L) -> 13 | AR32: =SUMIF(WMS용마재고!$A:$A,"S162-01.00", WMS용마재고!$L:$L) -> 165 | AS32: =SUMIF(WMS용마재고!$A:$A,"S162-01.25", WMS용마재고!$L:$L) -> 193 | AT32: =SUMIF(WMS용마재고!$A:$A,"S162-01.50", WMS용마재고!$L:$L) -> 177 | AU32: =SUMIF(WMS용마재고!$A:$A,"S162-01.75", WMS용마재고!$L:$L) -> 128 | AV32: =SUMIF(WMS용마재고!$A:$A,"S162-02.00", WMS용마재고!$L:$L) -> 187 | AW32: =SUMIF(WMS용마재고!$A:$A,"S162-02.25", WMS용마재고!$L:$L) -> 209 | AX32: =SUMIF(WMS용마재고!$A:$A,"S162-02.50", WMS용마재고!$L:$L) -> 164 | AY32: =SUMIF(WMS용마재고!$A:$A,"S162-02.75", WMS용마재고!$L:$L) -> 232 | AZ32: =SUMIF(WMS용마재고!$A:$A,"S162-03.00", WMS용마재고!$L:$L) -> 118 | BA32: =SUMIF(WMS용마재고!$A:$A,"S162-03.25", WMS용마재고!$L:$L) -> 325 | BB32: =SUMIF(WMS용마재고!$A:$A,"S162-03.50", WMS용마재고!$L:$L) -> 157 | BC32: =SUMIF(WMS용마재고!$A:$A,"S162-03.75", WMS용마재고!$L:$L) -> 93 | BD32: =SUMIF(WMS용마재고!$A:$A,"S162-04.00", WMS용마재고!$L:$L) -> 126 | BE32: =SUMIF(WMS용마재고!$A:$A,"S162-04.25", WMS용마재고!$L:$L) -> 228 | BF32: =SUMIF(WMS용마재고!$A:$A,"S162-04.50", WMS용마재고!$L:$L) -> 178 | BG32: =SUMIF(WMS용마재고!$A:$A,"S162-04.75", WMS용마재고!$L:$L) -> 128 | BH32: =SUMIF(WMS용마재고!$A:$A,"S162-05.00", WMS용마재고!$L:$L) -> 140 | BI32: =SUMIF(WMS용마재고!$A:$A,"S162-05.25", WMS용마재고!$L:$L) -> 435 | BJ32: =SUMIF(WMS용마재고!$A:$A,"S162-05.50", WMS용마재고!$L:$L) -> 116 | BK32: =SUMIF(WMS용마재고!$A:$A,"S162-05.75", WMS용마재고!$L:$L) -> 123 | BL32: =SUMIF(WMS용마재고!$A:$A,"S162-06.00", WMS용마재고!$L:$L) -> 123 | BM32: =SUMIF(WMS용마재고!$A:$A,"S162-06.50", WMS용마재고!$L:$L) -> 226 | BN32: =SUMIF(WMS용마재고!$A:$A,"S162-07.00", WMS용마재고!$L:$L) -> 149 | BO32: =SUMIF(WMS용마재고!$A:$A,"S162-07.50", WMS용마재고!$L:$L) -> 237 | BP32: =SUMIF(WMS용마재고!$A:$A,"S162-08.00", WMS용마재고!$L:$L) -> 440 | BQ32: =SUMIF(WMS용마재고!$A:$A,"S162-08.50", WMS용마재고!$L:$L) -> 64 | BR32: =SUMIF(WMS용마재고!$A:$A,"S162-09.00", WMS용마재고!$L:$L) -> 355 | BS32: =SUMIF(WMS용마재고!$A:$A,"S162-09.50", WMS용마재고!$L:$L) -> 67 | BT32: =SUMIF(WMS용마재고!$A:$A,"S162-10.00", WMS용마재고!$L:$L) -> 323 | BU32: =SUMIF(WMS용마재고!$A:$A,"s123-10.50", WMS용마재고!$L:$L) -> 0 | BV32: =SUMIF(WMS용마재고!$A:$A,"s123-10.50", WMS용마재고!$L:$L) -> 0 | BW32: =SUMIF(WMS용마재고!$A:$A,"s123-10.50", WMS용마재고!$L:$L) -> 0 | BX32: =SUMIF(WMS용마재고!$A:$A,"s123-10.50", WMS용마재고!$L:$L) -> 0 | BY32: 411 | BZ32: 410 | CA32: 13 | CB32: 165 | CC32: 193 | CD32: 177 | CE32: 128 | CF32: 187 | CG32: 209 | CH32: 164 | CI32: 232 | CJ32: 118 | CK32: 325 | CL32: 157 | CM32: 93 | CN32: 126 | CO32: 228 | CP32: 178 | CQ32: 128 | CR32: 140 | CS32: 435 | CT32: 116 | CU32: 123 | CV32: 123 | CW32: 226 | CX32: 149 | CY32: 237 | CZ32: 440 | DA32: 64 | DB32: 355 | DC32: 67 | DD32: 323 | DE32: 0 | DF32: 0 | DG32: 0 | DH32: 0 | DI32: =IF(AND(BY32<30, AO32>=30), "증가", "") | DJ32: =IF(AND(BZ32<30, AP32>=30), "증가", "") | DK32: =IF(AND(CA32<30, AQ32>=30), "증가", "") | DL32: =IF(AND(CB32<30, AR32>=30), "증가", "") | DM32: =IF(AND(CC32<30, AS32>=30), "증가", "") | DN32: =IF(AND(CD32<30, AT32>=30), "증가", "") | DO32: =IF(AND(CE32<30, AU32>=30), "증가", "") | DP32: =IF(AND(CF32<30, AV32>=30), "증가", "") | ... ER32: =IF(AND(DH32<30, BX32>=30), "증가", "") | ES32: =IF(AND(AO32<30, BY32>=30), "경고", "") | ET32: =IF(AND(AP32<30, BZ32>=30), "경고", "") | EU32: =IF(AND(AQ32<30, CA32>=30), "경고", "") | EV32: =IF(AND(AR32<30, CB32>=30), "경고", "") | EW32: =IF(AND(AS32<30, CC32>=30), "경고", "") | EX32: =IF(AND(AT32<30, CD32>=30), "경고", "") | EY32: =IF(AND(AU32<30, CE32>=30), "경고", "") | EZ32: =IF(AND(AV32<30, CF32>=30), "경고", "") | ... GB32: =IF(AND(BX32<30, DH32>=30), "경고", "")
A33: Iris 대용량 | ES33: =IF(AND(AO33<30, BY33>=30), "경고", "") | ET33: =IF(AND(AP33<30, BZ33>=30), "경고", "") | EU33: =IF(AND(AQ33<30, CA33>=30), "경고", "") | EV33: =IF(AND(AR33<30, CB33>=30), "경고", "") | EW33: =IF(AND(AS33<30, CC33>=30), "경고", "") | EX33: =IF(AND(AT33<30, CD33>=30), "경고", "") | EY33: =IF(AND(AU33<30, CE33>=30), "경고", "") | EZ33: =IF(AND(AV33<30, CF33>=30), "경고", "") | ... GB33: =IF(AND(BX33<30, DH33>=30), "경고", "")
A34: 15 | B34: 소울브라운 90P | C34: =SUMIF(WMS용마재고!$A:$A,"s156-00.00", WMS용마재고!$L:$L) -> 984 | D34: =SUMIF(WMS용마재고!$A:$A,"s156-00.50", WMS용마재고!$L:$L) -> 295 | E34: =SUMIF(WMS용마재고!$A:$A,"s156-00.75", WMS용마재고!$L:$L) -> 374 | F34: =SUMIF(WMS용마재고!$A:$A,"s156-01.00", WMS용마재고!$L:$L) -> 457 | G34: =SUMIF(WMS용마재고!$A:$A,"s156-01.25", WMS용마재고!$L:$L) -> 469 | H34: =SUMIF(WMS용마재고!$A:$A,"s156-01.50", WMS용마재고!$L:$L) -> 563 | I34: =SUMIF(WMS용마재고!$A:$A,"s156-01.75", WMS용마재고!$L:$L) -> 553 | J34: =SUMIF(WMS용마재고!$A:$A,"s156-02.00", WMS용마재고!$L:$L) -> 1065 | K34: =SUMIF(WMS용마재고!$A:$A,"s156-02.25", WMS용마재고!$L:$L) -> 1127 | L34: =SUMIF(WMS용마재고!$A:$A,"s156-02.50", WMS용마재고!$L:$L) -> 1356 | M34: =SUMIF(WMS용마재고!$A:$A,"s156-02.75", WMS용마재고!$L:$L) -> 1554 | N34: =SUMIF(WMS용마재고!$A:$A,"s156-03.00", WMS용마재고!$L:$L) -> 1445 | O34: =SUMIF(WMS용마재고!$A:$A,"s156-03.25", WMS용마재고!$L:$L) -> 1437 | P34: =SUMIF(WMS용마재고!$A:$A,"s156-03.50", WMS용마재고!$L:$L) -> 2014 | Q34: =SUMIF(WMS용마재고!$A:$A,"s156-03.75", WMS용마재고!$L:$L) -> 1761 | R34: =SUMIF(WMS용마재고!$A:$A,"s156-04.00", WMS용마재고!$L:$L) -> 1796 | S34: =SUMIF(WMS용마재고!$A:$A,"s156-04.25", WMS용마재고!$L:$L) -> 1236 | T34: =SUMIF(WMS용마재고!$A:$A,"s156-04.50", WMS용마재고!$L:$L) -> 1061 | U34: =SUMIF(WMS용마재고!$A:$A,"s156-04.75", WMS용마재고!$L:$L) -> 993 | V34: =SUMIF(WMS용마재고!$A:$A,"s156-05.00", WMS용마재고!$L:$L) -> 1200 | W34: =SUMIF(WMS용마재고!$A:$A,"s156-05.25", WMS용마재고!$L:$L) -> 405 | X34: =SUMIF(WMS용마재고!$A:$A,"s156-05.50", WMS용마재고!$L:$L) -> 1199 | Y34: =SUMIF(WMS용마재고!$A:$A,"s156-05.75", WMS용마재고!$L:$L) -> 334 | Z34: =SUMIF(WMS용마재고!$A:$A,"s156-06.00", WMS용마재고!$L:$L) -> 1611 | AA34: =SUMIF(WMS용마재고!$A:$A,"s156-06.50", WMS용마재고!$L:$L) -> 1287 | AB34: =SUMIF(WMS용마재고!$A:$A,"s156-07.00", WMS용마재고!$L:$L) -> 976 | AC34: =SUMIF(WMS용마재고!$A:$A,"s156-07.50", WMS용마재고!$L:$L) -> 828 | AD34: =SUMIF(WMS용마재고!$A:$A,"s156-08.00", WMS용마재고!$L:$L) -> 688 | AE34: =SUMIF(WMS용마재고!$A:$A,"s156-08.50", WMS용마재고!$L:$L) -> 365 | AF34: =SUMIF(WMS용마재고!$A:$A,"s156-09.00", WMS용마재고!$L:$L) -> 295 | AG34: =SUMIF(WMS용마재고!$A:$A,"s156-09.50", WMS용마재고!$L:$L) -> 363 | AH34: =SUMIF(WMS용마재고!$A:$A,"s156-10.00", WMS용마재고!$L:$L) -> 288 | AN34: 소울브라운 90P | AO34: =SUMIF(WMS용마재고!$A:$A,"s156-00.00", WMS용마재고!$L:$L) -> 984 | AP34: =SUMIF(WMS용마재고!$A:$A,"s156-00.50", WMS용마재고!$L:$L) -> 295 | AQ34: =SUMIF(WMS용마재고!$A:$A,"s156-00.75", WMS용마재고!$L:$L) -> 374 | AR34: =SUMIF(WMS용마재고!$A:$A,"s156-01.00", WMS용마재고!$L:$L) -> 457 | AS34: =SUMIF(WMS용마재고!$A:$A,"s156-01.25", WMS용마재고!$L:$L) -> 469 | AT34: =SUMIF(WMS용마재고!$A:$A,"s156-01.50", WMS용마재고!$L:$L) -> 563 | AU34: =SUMIF(WMS용마재고!$A:$A,"s156-01.75", WMS용마재고!$L:$L) -> 553 | AV34: =SUMIF(WMS용마재고!$A:$A,"s156-02.00", WMS용마재고!$L:$L) -> 1065 | AW34: =SUMIF(WMS용마재고!$A:$A,"s156-02.25", WMS용마재고!$L:$L) -> 1127 | AX34: =SUMIF(WMS용마재고!$A:$A,"s156-02.50", WMS용마재고!$L:$L) -> 1356 | AY34: =SUMIF(WMS용마재고!$A:$A,"s156-02.75", WMS용마재고!$L:$L) -> 1554 | AZ34: =SUMIF(WMS용마재고!$A:$A,"s156-03.00", WMS용마재고!$L:$L) -> 1445 | BA34: =SUMIF(WMS용마재고!$A:$A,"s156-03.25", WMS용마재고!$L:$L) -> 1437 | BB34: =SUMIF(WMS용마재고!$A:$A,"s156-03.50", WMS용마재고!$L:$L) -> 2014 | BC34: =SUMIF(WMS용마재고!$A:$A,"s156-03.75", WMS용마재고!$L:$L) -> 1761 | BD34: =SUMIF(WMS용마재고!$A:$A,"s156-04.00", WMS용마재고!$L:$L) -> 1796 | BE34: =SUMIF(WMS용마재고!$A:$A,"s156-04.25", WMS용마재고!$L:$L) -> 1236 | BF34: =SUMIF(WMS용마재고!$A:$A,"s156-04.50", WMS용마재고!$L:$L) -> 1061 | BG34: =SUMIF(WMS용마재고!$A:$A,"s156-04.75", WMS용마재고!$L:$L) -> 993 | BH34: =SUMIF(WMS용마재고!$A:$A,"s156-05.00", WMS용마재고!$L:$L) -> 1200 | BI34: =SUMIF(WMS용마재고!$A:$A,"s156-05.25", WMS용마재고!$L:$L) -> 405 | BJ34: =SUMIF(WMS용마재고!$A:$A,"s156-05.50", WMS용마재고!$L:$L) -> 1199 | BK34: =SUMIF(WMS용마재고!$A:$A,"s156-05.75", WMS용마재고!$L:$L) -> 334 | BL34: =SUMIF(WMS용마재고!$A:$A,"s156-06.00", WMS용마재고!$L:$L) -> 1611 | BM34: =SUMIF(WMS용마재고!$A:$A,"s156-06.50", WMS용마재고!$L:$L) -> 1287 | BN34: =SUMIF(WMS용마재고!$A:$A,"s156-07.00", WMS용마재고!$L:$L) -> 976 | BO34: =SUMIF(WMS용마재고!$A:$A,"s156-07.50", WMS용마재고!$L:$L) -> 828 | BP34: =SUMIF(WMS용마재고!$A:$A,"s156-08.00", WMS용마재고!$L:$L) -> 688 | BQ34: =SUMIF(WMS용마재고!$A:$A,"s156-08.50", WMS용마재고!$L:$L) -> 365 | BR34: =SUMIF(WMS용마재고!$A:$A,"s156-09.00", WMS용마재고!$L:$L) -> 295 | BS34: =SUMIF(WMS용마재고!$A:$A,"s156-09.50", WMS용마재고!$L:$L) -> 363 | BT34: =SUMIF(WMS용마재고!$A:$A,"s156-10.00", WMS용마재고!$L:$L) -> 288 | BU34: =SUMIF(WMS용마재고!$A:$A,"s123-10.50", WMS용마재고!$L:$L) -> 0 | BV34: =SUMIF(WMS용마재고!$A:$A,"s123-10.50", WMS용마재고!$L:$L) -> 0 | BW34: =SUMIF(WMS용마재고!$A:$A,"s123-10.50", WMS용마재고!$L:$L) -> 0 | BX34: =SUMIF(WMS용마재고!$A:$A,"s123-10.50", WMS용마재고!$L:$L) -> 0 | BY34: 1014 | BZ34: 295 | CA34: 374 | CB34: 487 | CC34: 499 | CD34: 593 | CE34: 583 | CF34: 1095 | CG34: 1157 | CH34: 1386 | CI34: 1584 | CJ34: 1475 | CK34: 1467 | CL34: 2044 | CM34: 1791 | CN34: 1826 | CO34: 1266 | CP34: 1091 | CQ34: 1013 | CR34: 1230 | CS34: 425 | CT34: 1219 | CU34: 354 | CV34: 1636 | CW34: 1307 | CX34: 1001 | CY34: 828 | CZ34: 688 | DA34: 365 | DB34: 295 | DC34: 363 | DD34: 288 | DE34: 0 | DF34: 0 | DG34: 0 | DH34: 0 | DI34: =IF(AND(BY34<30, AO34>=30), "증가", "") | DJ34: =IF(AND(BZ34<30, AP34>=30), "증가", "") | DK34: =IF(AND(CA34<30, AQ34>=30), "증가", "") | DL34: =IF(AND(CB34<30, AR34>=30), "증가", "") | DM34: =IF(AND(CC34<30, AS34>=30), "증가", "") | DN34: =IF(AND(CD34<30, AT34>=30), "증가", "") | DO34: =IF(AND(CE34<30, AU34>=30), "증가", "") | DP34: =IF(AND(CF34<30, AV34>=30), "증가", "") | ... ER34: =IF(AND(DH34<30, BX34>=30), "증가", "") | ES34: =IF(AND(AO34<30, BY34>=30), "경고", "") | ET34: =IF(AND(AP34<30, BZ34>=30), "경고", "") | EU34: =IF(AND(AQ34<30, CA34>=30), "경고", "") | EV34: =IF(AND(AR34<30, CB34>=30), "경고", "") | EW34: =IF(AND(AS34<30, CC34>=30), "경고", "") | EX34: =IF(AND(AT34<30, CD34>=30), "경고", "") | EY34: =IF(AND(AU34<30, CE34>=30), "경고", "") | EZ34: =IF(AND(AV34<30, CF34>=30), "경고", "") | ... GB34: =IF(AND(BX34<30, DH34>=30), "경고", "")
A35: 16 | B35: 랩소디 90P | C35: =SUMIF(WMS용마재고!$A:$A,"S157-00.00", WMS용마재고!$L:$L) -> 809 | D35: =SUMIF(WMS용마재고!$A:$A,"S157-00.50", WMS용마재고!$L:$L) -> 162 | E35: =SUMIF(WMS용마재고!$A:$A,"S157-00.75", WMS용마재고!$L:$L) -> 175 | F35: =SUMIF(WMS용마재고!$A:$A,"S157-01.00", WMS용마재고!$L:$L) -> 324 | G35: =SUMIF(WMS용마재고!$A:$A,"S157-01.25", WMS용마재고!$L:$L) -> 123 | H35: =SUMIF(WMS용마재고!$A:$A,"S157-01.50", WMS용마재고!$L:$L) -> 692 | I35: =SUMIF(WMS용마재고!$A:$A,"S157-01.75", WMS용마재고!$L:$L) -> 133 | J35: =SUMIF(WMS용마재고!$A:$A,"S157-02.00", WMS용마재고!$L:$L) -> 180 | K35: =SUMIF(WMS용마재고!$A:$A,"S157-02.25", WMS용마재고!$L:$L) -> 667 | L35: =SUMIF(WMS용마재고!$A:$A,"S157-02.50", WMS용마재고!$L:$L) -> 319 | M35: =SUMIF(WMS용마재고!$A:$A,"S157-02.75", WMS용마재고!$L:$L) -> 500 | N35: =SUMIF(WMS용마재고!$A:$A,"S157-03.00", WMS용마재고!$L:$L) -> 781 | O35: =SUMIF(WMS용마재고!$A:$A,"S157-03.25", WMS용마재고!$L:$L) -> 784 | P35: =SUMIF(WMS용마재고!$A:$A,"S157-03.50", WMS용마재고!$L:$L) -> 850 | Q35: =SUMIF(WMS용마재고!$A:$A,"S157-03.75", WMS용마재고!$L:$L) -> 769 | R35: =SUMIF(WMS용마재고!$A:$A,"S157-04.00", WMS용마재고!$L:$L) -> 620 | S35: =SUMIF(WMS용마재고!$A:$A,"S157-04.25", WMS용마재고!$L:$L) -> 902 | T35: =SUMIF(WMS용마재고!$A:$A,"S157-04.50", WMS용마재고!$L:$L) -> 775 | U35: =SUMIF(WMS용마재고!$A:$A,"S157-04.75", WMS용마재고!$L:$L) -> 551 | V35: =SUMIF(WMS용마재고!$A:$A,"S157-05.00", WMS용마재고!$L:$L) -> 1285 | W35: =SUMIF(WMS용마재고!$A:$A,"S157-05.25", WMS용마재고!$L:$L) -> 240 | X35: =SUMIF(WMS용마재고!$A:$A,"S157-05.50", WMS용마재고!$L:$L) -> 722 | Y35: =SUMIF(WMS용마재고!$A:$A,"S157-05.75", WMS용마재고!$L:$L) -> 454 | Z35: =SUMIF(WMS용마재고!$A:$A,"S157-06.00", WMS용마재고!$L:$L) -> 847 | AA35: =SUMIF(WMS용마재고!$A:$A,"S157-06.50", WMS용마재고!$L:$L) -> 948 | AB35: =SUMIF(WMS용마재고!$A:$A,"S157-07.00", WMS용마재고!$L:$L) -> 584 | AC35: =SUMIF(WMS용마재고!$A:$A,"S157-07.50", WMS용마재고!$L:$L) -> 561 | AD35: =SUMIF(WMS용마재고!$A:$A,"S157-08.00", WMS용마재고!$L:$L) -> 543 | AE35: =SUMIF(WMS용마재고!$A:$A,"S157-08.50", WMS용마재고!$L:$L) -> 251 | AF35: =SUMIF(WMS용마재고!$A:$A,"S157-09.00", WMS용마재고!$L:$L) -> 241 | AG35: =SUMIF(WMS용마재고!$A:$A,"S157-09.50", WMS용마재고!$L:$L) -> 148 | AH35: =SUMIF(WMS용마재고!$A:$A,"S157-10.00", WMS용마재고!$L:$L) -> 205 | AN35: 랩소디 90P | AO35: =SUMIF(WMS용마재고!$A:$A,"S157-00.00", WMS용마재고!$L:$L) -> 809 | AP35: =SUMIF(WMS용마재고!$A:$A,"S157-00.50", WMS용마재고!$L:$L) -> 162 | AQ35: =SUMIF(WMS용마재고!$A:$A,"S157-00.75", WMS용마재고!$L:$L) -> 175 | AR35: =SUMIF(WMS용마재고!$A:$A,"S157-01.00", WMS용마재고!$L:$L) -> 324 | AS35: =SUMIF(WMS용마재고!$A:$A,"S157-01.25", WMS용마재고!$L:$L) -> 123 | AT35: =SUMIF(WMS용마재고!$A:$A,"S157-01.50", WMS용마재고!$L:$L) -> 692 | AU35: =SUMIF(WMS용마재고!$A:$A,"S157-01.75", WMS용마재고!$L:$L) -> 133 | AV35: =SUMIF(WMS용마재고!$A:$A,"S157-02.00", WMS용마재고!$L:$L) -> 180 | AW35: =SUMIF(WMS용마재고!$A:$A,"S157-02.25", WMS용마재고!$L:$L) -> 667 | AX35: =SUMIF(WMS용마재고!$A:$A,"S157-02.50", WMS용마재고!$L:$L) -> 319 | AY35: =SUMIF(WMS용마재고!$A:$A,"S157-02.75", WMS용마재고!$L:$L) -> 500 | AZ35: =SUMIF(WMS용마재고!$A:$A,"S157-03.00", WMS용마재고!$L:$L) -> 781 | BA35: =SUMIF(WMS용마재고!$A:$A,"S157-03.25", WMS용마재고!$L:$L) -> 784 | BB35: =SUMIF(WMS용마재고!$A:$A,"S157-03.50", WMS용마재고!$L:$L) -> 850 | BC35: =SUMIF(WMS용마재고!$A:$A,"S157-03.75", WMS용마재고!$L:$L) -> 769 | BD35: =SUMIF(WMS용마재고!$A:$A,"S157-04.00", WMS용마재고!$L:$L) -> 620 | BE35: =SUMIF(WMS용마재고!$A:$A,"S157-04.25", WMS용마재고!$L:$L) -> 902 | BF35: =SUMIF(WMS용마재고!$A:$A,"S157-04.50", WMS용마재고!$L:$L) -> 775 | BG35: =SUMIF(WMS용마재고!$A:$A,"S157-04.75", WMS용마재고!$L:$L) -> 551 | BH35: =SUMIF(WMS용마재고!$A:$A,"S157-05.00", WMS용마재고!$L:$L) -> 1285 | BI35: =SUMIF(WMS용마재고!$A:$A,"S157-05.25", WMS용마재고!$L:$L) -> 240 | BJ35: =SUMIF(WMS용마재고!$A:$A,"S157-05.50", WMS용마재고!$L:$L) -> 722 | BK35: =SUMIF(WMS용마재고!$A:$A,"S157-05.75", WMS용마재고!$L:$L) -> 454 | BL35: =SUMIF(WMS용마재고!$A:$A,"S157-06.00", WMS용마재고!$L:$L) -> 847 | BM35: =SUMIF(WMS용마재고!$A:$A,"S157-06.50", WMS용마재고!$L:$L) -> 948 | BN35: =SUMIF(WMS용마재고!$A:$A,"S157-07.00", WMS용마재고!$L:$L) -> 584 | BO35: =SUMIF(WMS용마재고!$A:$A,"S157-07.50", WMS용마재고!$L:$L) -> 561 | BP35: =SUMIF(WMS용마재고!$A:$A,"S157-08.00", WMS용마재고!$L:$L) -> 543 | BQ35: =SUMIF(WMS용마재고!$A:$A,"S157-08.50", WMS용마재고!$L:$L) -> 251 | BR35: =SUMIF(WMS용마재고!$A:$A,"S157-09.00", WMS용마재고!$L:$L) -> 241 | BS35: =SUMIF(WMS용마재고!$A:$A,"S157-09.50", WMS용마재고!$L:$L) -> 148 | BT35: =SUMIF(WMS용마재고!$A:$A,"S157-10.00", WMS용마재고!$L:$L) -> 205 | BU35: =SUMIF(WMS용마재고!$A:$A,"s123-10.50", WMS용마재고!$L:$L) -> 0 | BV35: =SUMIF(WMS용마재고!$A:$A,"s123-10.50", WMS용마재고!$L:$L) -> 0 | BW35: =SUMIF(WMS용마재고!$A:$A,"s123-10.50", WMS용마재고!$L:$L) -> 0 | BX35: =SUMIF(WMS용마재고!$A:$A,"s123-10.50", WMS용마재고!$L:$L) -> 0 | BY35: 834 | BZ35: 162 | CA35: 175 | CB35: 349 | CC35: 148 | CD35: 717 | CE35: 153 | CF35: 205 | CG35: 687 | CH35: 339 | CI35: 520 | CJ35: 806 | CK35: 804 | CL35: 870 | CM35: 789 | CN35: 645 | CO35: 922 | CP35: 795 | CQ35: 571 | CR35: 1310 | CS35: 260 | CT35: 742 | CU35: 474 | CV35: 872 | CW35: 968 | CX35: 609 | CY35: 561 | CZ35: 543 | DA35: 251 | DB35: 241 | DC35: 148 | DD35: 205 | DE35: 0 | DF35: 0 | DG35: 0 | DH35: 0 | DI35: =IF(AND(BY35<30, AO35>=30), "증가", "") | DJ35: =IF(AND(BZ35<30, AP35>=30), "증가", "") | DK35: =IF(AND(CA35<30, AQ35>=30), "증가", "") | DL35: =IF(AND(CB35<30, AR35>=30), "증가", "") | DM35: =IF(AND(CC35<30, AS35>=30), "증가", "") | DN35: =IF(AND(CD35<30, AT35>=30), "증가", "") | DO35: =IF(AND(CE35<30, AU35>=30), "증가", "") | DP35: =IF(AND(CF35<30, AV35>=30), "증가", "") | ... ER35: =IF(AND(DH35<30, BX35>=30), "증가", "") | ES35: =IF(AND(AO35<30, BY35>=30), "경고", "") | ET35: =IF(AND(AP35<30, BZ35>=30), "경고", "") | EU35: =IF(AND(AQ35<30, CA35>=30), "경고", "") | EV35: =IF(AND(AR35<30, CB35>=30), "경고", "") | EW35: =IF(AND(AS35<30, CC35>=30), "경고", "") | EX35: =IF(AND(AT35<30, CD35>=30), "경고", "") | EY35: =IF(AND(AU35<30, CE35>=30), "경고", "") | EZ35: =IF(AND(AV35<30, CF35>=30), "경고", "") | ... GB35: =IF(AND(BX35<30, DH35>=30), "경고", "")
A36: 17 | B36: 수지그레이 90P | C36: =SUMIF(WMS용마재고!$A:$A,"S155-00.00", WMS용마재고!$L:$L) -> 372 | D36: =SUMIF(WMS용마재고!$A:$A,"S155-00.50", WMS용마재고!$L:$L) -> 225 | E36: =SUMIF(WMS용마재고!$A:$A,"S155-00.75", WMS용마재고!$L:$L) -> 116 | F36: =SUMIF(WMS용마재고!$A:$A,"S155-01.00", WMS용마재고!$L:$L) -> 174 | G36: =SUMIF(WMS용마재고!$A:$A,"S155-01.25", WMS용마재고!$L:$L) -> 262 | H36: =SUMIF(WMS용마재고!$A:$A,"S155-01.50", WMS용마재고!$L:$L) -> 457 | I36: =SUMIF(WMS용마재고!$A:$A,"S155-01.75", WMS용마재고!$L:$L) -> 427 | J36: =SUMIF(WMS용마재고!$A:$A,"S155-02.00", WMS용마재고!$L:$L) -> 709 | K36: =SUMIF(WMS용마재고!$A:$A,"S155-02.25", WMS용마재고!$L:$L) -> 540 | L36: =SUMIF(WMS용마재고!$A:$A,"S155-02.50", WMS용마재고!$L:$L) -> 364 | M36: =SUMIF(WMS용마재고!$A:$A,"S155-02.75", WMS용마재고!$L:$L) -> 645 | N36: =SUMIF(WMS용마재고!$A:$A,"S155-03.00", WMS용마재고!$L:$L) -> 519 | O36: =SUMIF(WMS용마재고!$A:$A,"S155-03.25", WMS용마재고!$L:$L) -> 323 | P36: =SUMIF(WMS용마재고!$A:$A,"S155-03.50", WMS용마재고!$L:$L) -> 688 | Q36: =SUMIF(WMS용마재고!$A:$A,"S155-03.75", WMS용마재고!$L:$L) -> 784 | R36: =SUMIF(WMS용마재고!$A:$A,"S155-04.00", WMS용마재고!$L:$L) -> 583 | S36: =SUMIF(WMS용마재고!$A:$A,"S155-04.25", WMS용마재고!$L:$L) -> 370 | T36: =SUMIF(WMS용마재고!$A:$A,"S155-04.50", WMS용마재고!$L:$L) -> 378 | U36: =SUMIF(WMS용마재고!$A:$A,"S155-04.75", WMS용마재고!$L:$L) -> 532 | V36: =SUMIF(WMS용마재고!$A:$A,"S155-05.00", WMS용마재고!$L:$L) -> 557 | W36: =SUMIF(WMS용마재고!$A:$A,"S155-05.25", WMS용마재고!$L:$L) -> 218 | X36: =SUMIF(WMS용마재고!$A:$A,"S155-05.50", WMS용마재고!$L:$L) -> 506 | Y36: =SUMIF(WMS용마재고!$A:$A,"S155-05.75", WMS용마재고!$L:$L) -> 101 | Z36: =SUMIF(WMS용마재고!$A:$A,"S155-06.00", WMS용마재고!$L:$L) -> 300 | AA36: =SUMIF(WMS용마재고!$A:$A,"S155-06.50", WMS용마재고!$L:$L) -> 417 | AB36: =SUMIF(WMS용마재고!$A:$A,"S155-07.00", WMS용마재고!$L:$L) -> 534 | AC36: =SUMIF(WMS용마재고!$A:$A,"S155-07.50", WMS용마재고!$L:$L) -> 264 | AD36: =SUMIF(WMS용마재고!$A:$A,"S155-08.00", WMS용마재고!$L:$L) -> 310 | AE36: =SUMIF(WMS용마재고!$A:$A,"S155-08.50", WMS용마재고!$L:$L) -> 311 | AF36: =SUMIF(WMS용마재고!$A:$A,"S155-09.00", WMS용마재고!$L:$L) -> 291 | AG36: =SUMIF(WMS용마재고!$A:$A,"S155-09.50", WMS용마재고!$L:$L) -> 83 | AH36: =SUMIF(WMS용마재고!$A:$A,"S155-10.00", WMS용마재고!$L:$L) -> 183 | AN36: 수지그레이 90P | AO36: =SUMIF(WMS용마재고!$A:$A,"S155-00.00", WMS용마재고!$L:$L) -> 372 | AP36: =SUMIF(WMS용마재고!$A:$A,"S155-00.50", WMS용마재고!$L:$L) -> 225 | AQ36: =SUMIF(WMS용마재고!$A:$A,"S155-00.75", WMS용마재고!$L:$L) -> 116 | AR36: =SUMIF(WMS용마재고!$A:$A,"S155-01.00", WMS용마재고!$L:$L) -> 174 | AS36: =SUMIF(WMS용마재고!$A:$A,"S155-01.25", WMS용마재고!$L:$L) -> 262 | AT36: =SUMIF(WMS용마재고!$A:$A,"S155-01.50", WMS용마재고!$L:$L) -> 457 | AU36: =SUMIF(WMS용마재고!$A:$A,"S155-01.75", WMS용마재고!$L:$L) -> 427 | AV36: =SUMIF(WMS용마재고!$A:$A,"S155-02.00", WMS용마재고!$L:$L) -> 709 | AW36: =SUMIF(WMS용마재고!$A:$A,"S155-02.25", WMS용마재고!$L:$L) -> 540 | AX36: =SUMIF(WMS용마재고!$A:$A,"S155-02.50", WMS용마재고!$L:$L) -> 364 | AY36: =SUMIF(WMS용마재고!$A:$A,"S155-02.75", WMS용마재고!$L:$L) -> 645 | AZ36: =SUMIF(WMS용마재고!$A:$A,"S155-03.00", WMS용마재고!$L:$L) -> 519 | BA36: =SUMIF(WMS용마재고!$A:$A,"S155-03.25", WMS용마재고!$L:$L) -> 323 | BB36: =SUMIF(WMS용마재고!$A:$A,"S155-03.50", WMS용마재고!$L:$L) -> 688 | BC36: =SUMIF(WMS용마재고!$A:$A,"S155-03.75", WMS용마재고!$L:$L) -> 784 | BD36: =SUMIF(WMS용마재고!$A:$A,"S155-04.00", WMS용마재고!$L:$L) -> 583 | BE36: =SUMIF(WMS용마재고!$A:$A,"S155-04.25", WMS용마재고!$L:$L) -> 370 | BF36: =SUMIF(WMS용마재고!$A:$A,"S155-04.50", WMS용마재고!$L:$L) -> 378 | BG36: =SUMIF(WMS용마재고!$A:$A,"S155-04.75", WMS용마재고!$L:$L) -> 532 | BH36: =SUMIF(WMS용마재고!$A:$A,"S155-05.00", WMS용마재고!$L:$L) -> 557 | BI36: =SUMIF(WMS용마재고!$A:$A,"S155-05.25", WMS용마재고!$L:$L) -> 218 | BJ36: =SUMIF(WMS용마재고!$A:$A,"S155-05.50", WMS용마재고!$L:$L) -> 506 | BK36: =SUMIF(WMS용마재고!$A:$A,"S155-05.75", WMS용마재고!$L:$L) -> 101 | BL36: =SUMIF(WMS용마재고!$A:$A,"S155-06.00", WMS용마재고!$L:$L) -> 300 | BM36: =SUMIF(WMS용마재고!$A:$A,"S155-06.50", WMS용마재고!$L:$L) -> 417 | BN36: =SUMIF(WMS용마재고!$A:$A,"S155-07.00", WMS용마재고!$L:$L) -> 534 | BO36: =SUMIF(WMS용마재고!$A:$A,"S155-07.50", WMS용마재고!$L:$L) -> 264 | BP36: =SUMIF(WMS용마재고!$A:$A,"S155-08.00", WMS용마재고!$L:$L) -> 310 | BQ36: =SUMIF(WMS용마재고!$A:$A,"S155-08.50", WMS용마재고!$L:$L) -> 311 | BR36: =SUMIF(WMS용마재고!$A:$A,"S155-09.00", WMS용마재고!$L:$L) -> 291 | BS36: =SUMIF(WMS용마재고!$A:$A,"S155-09.50", WMS용마재고!$L:$L) -> 83 | BT36: =SUMIF(WMS용마재고!$A:$A,"S155-10.00", WMS용마재고!$L:$L) -> 183 | BU36: =SUMIF(WMS용마재고!$A:$A,"s123-10.50", WMS용마재고!$L:$L) -> 0 | BV36: =SUMIF(WMS용마재고!$A:$A,"s123-10.50", WMS용마재고!$L:$L) -> 0 | BW36: =SUMIF(WMS용마재고!$A:$A,"s123-10.50", WMS용마재고!$L:$L) -> 0 | BX36: =SUMIF(WMS용마재고!$A:$A,"s123-10.50", WMS용마재고!$L:$L) -> 0 | BY36: 377 | BZ36: 225 | CA36: 116 | CB36: 179 | CC36: 267 | CD36: 462 | CE36: 432 | CF36: 714 | CG36: 545 | CH36: 369 | CI36: 650 | CJ36: 524 | CK36: 328 | CL36: 693 | CM36: 789 | CN36: 588 | CO36: 375 | CP36: 383 | CQ36: 537 | CR36: 562 | CS36: 223 | CT36: 511 | CU36: 106 | CV36: 305 | CW36: 422 | CX36: 539 | CY36: 264 | CZ36: 310 | DA36: 311 | DB36: 291 | DC36: 83 | DD36: 183 | DE36: 0 | DF36: 0 | DG36: 0 | DH36: 0 | DI36: =IF(AND(BY36<30, AO36>=30), "증가", "") | DJ36: =IF(AND(BZ36<30, AP36>=30), "증가", "") | DK36: =IF(AND(CA36<30, AQ36>=30), "증가", "") | DL36: =IF(AND(CB36<30, AR36>=30), "증가", "") | DM36: =IF(AND(CC36<30, AS36>=30), "증가", "") | DN36: =IF(AND(CD36<30, AT36>=30), "증가", "") | DO36: =IF(AND(CE36<30, AU36>=30), "증가", "") | DP36: =IF(AND(CF36<30, AV36>=30), "증가", "") | ... ER36: =IF(AND(DH36<30, BX36>=30), "증가", "") | ES36: =IF(AND(AO36<30, BY36>=30), "경고", "") | ET36: =IF(AND(AP36<30, BZ36>=30), "경고", "") | EU36: =IF(AND(AQ36<30, CA36>=30), "경고", "") | EV36: =IF(AND(AR36<30, CB36>=30), "경고", "") | EW36: =IF(AND(AS36<30, CC36>=30), "경고", "") | EX36: =IF(AND(AT36<30, CD36>=30), "경고", "") | EY36: =IF(AND(AU36<30, CE36>=30), "경고", "") | EZ36: =IF(AND(AV36<30, CF36>=30), "경고", "") | ... GB36: =IF(AND(BX36<30, DH36>=30), "경고", "")
A37: =A36+1 -> 18 | B37: 수지브라운 90P | C37: =SUMIF(WMS용마재고!$A:$A,"S173-00.00", WMS용마재고!$L:$L) -> 320 | D37: =SUMIF(WMS용마재고!$A:$A,"S173-00.50", WMS용마재고!$L:$L) -> 488 | E37: =SUMIF(WMS용마재고!$A:$A,"S173-00.75", WMS용마재고!$L:$L) -> 259 | F37: =SUMIF(WMS용마재고!$A:$A,"S173-01.00", WMS용마재고!$L:$L) -> 259 | G37: =SUMIF(WMS용마재고!$A:$A,"S173-01.25", WMS용마재고!$L:$L) -> 421 | H37: =SUMIF(WMS용마재고!$A:$A,"S173-01.50", WMS용마재고!$L:$L) -> 456 | I37: =SUMIF(WMS용마재고!$A:$A,"S173-01.75", WMS용마재고!$L:$L) -> 335 | J37: =SUMIF(WMS용마재고!$A:$A,"S173-02.00", WMS용마재고!$L:$L) -> 491 | K37: =SUMIF(WMS용마재고!$A:$A,"S173-02.25", WMS용마재고!$L:$L) -> 321 | L37: =SUMIF(WMS용마재고!$A:$A,"S173-02.50", WMS용마재고!$L:$L) -> 557 | M37: =SUMIF(WMS용마재고!$A:$A,"S173-02.75", WMS용마재고!$L:$L) -> 363 | N37: =SUMIF(WMS용마재고!$A:$A,"S173-03.00", WMS용마재고!$L:$L) -> 742 | O37: =SUMIF(WMS용마재고!$A:$A,"S173-03.25", WMS용마재고!$L:$L) -> 591 | P37: =SUMIF(WMS용마재고!$A:$A,"S173-03.50", WMS용마재고!$L:$L) -> 271 | Q37: =SUMIF(WMS용마재고!$A:$A,"S173-03.75", WMS용마재고!$L:$L) -> 359 | R37: =SUMIF(WMS용마재고!$A:$A,"S173-04.00", WMS용마재고!$L:$L) -> 96 | S37: =SUMIF(WMS용마재고!$A:$A,"S173-04.25", WMS용마재고!$L:$L) -> 335 | T37: =SUMIF(WMS용마재고!$A:$A,"S173-04.50", WMS용마재고!$L:$L) -> 436 | U37: =SUMIF(WMS용마재고!$A:$A,"S173-04.75", WMS용마재고!$L:$L) -> 350 | V37: =SUMIF(WMS용마재고!$A:$A,"S173-05.00", WMS용마재고!$L:$L) -> 288 | W37: =SUMIF(WMS용마재고!$A:$A,"S173-05.25", WMS용마재고!$L:$L) -> 183 | X37: =SUMIF(WMS용마재고!$A:$A,"S173-05.50", WMS용마재고!$L:$L) -> 480 | Y37: =SUMIF(WMS용마재고!$A:$A,"S173-05.75", WMS용마재고!$L:$L) -> 226 | Z37: =SUMIF(WMS용마재고!$A:$A,"S173-06.00", WMS용마재고!$L:$L) -> 281 | AA37: =SUMIF(WMS용마재고!$A:$A,"S173-06.50", WMS용마재고!$L:$L) -> 385 | AB37: =SUMIF(WMS용마재고!$A:$A,"S173-07.00", WMS용마재고!$L:$L) -> 230 | AC37: =SUMIF(WMS용마재고!$A:$A,"S173-07.50", WMS용마재고!$L:$L) -> 200 | AD37: =SUMIF(WMS용마재고!$A:$A,"S173-08.00", WMS용마재고!$L:$L) -> 267 | AE37: =SUMIF(WMS용마재고!$A:$A,"S173-08.50", WMS용마재고!$L:$L) -> 73 | AF37: =SUMIF(WMS용마재고!$A:$A,"S173-09.00", WMS용마재고!$L:$L) -> 71 | AG37: =SUMIF(WMS용마재고!$A:$A,"S173-09.50", WMS용마재고!$L:$L) -> 111 | AH37: =SUMIF(WMS용마재고!$A:$A,"S173-10.00", WMS용마재고!$L:$L) -> 83 | AN37: 수지브라운 90P | AO37: =SUMIF(WMS용마재고!$A:$A,"S173-00.00", WMS용마재고!$L:$L) -> 320 | AP37: =SUMIF(WMS용마재고!$A:$A,"S173-00.50", WMS용마재고!$L:$L) -> 488 | AQ37: =SUMIF(WMS용마재고!$A:$A,"S173-00.75", WMS용마재고!$L:$L) -> 259 | AR37: =SUMIF(WMS용마재고!$A:$A,"S173-01.00", WMS용마재고!$L:$L) -> 259 | AS37: =SUMIF(WMS용마재고!$A:$A,"S173-01.25", WMS용마재고!$L:$L) -> 421 | AT37: =SUMIF(WMS용마재고!$A:$A,"S173-01.50", WMS용마재고!$L:$L) -> 456 | AU37: =SUMIF(WMS용마재고!$A:$A,"S173-01.75", WMS용마재고!$L:$L) -> 335 | AV37: =SUMIF(WMS용마재고!$A:$A,"S173-02.00", WMS용마재고!$L:$L) -> 491 | AW37: =SUMIF(WMS용마재고!$A:$A,"S173-02.25", WMS용마재고!$L:$L) -> 321 | AX37: =SUMIF(WMS용마재고!$A:$A,"S173-02.50", WMS용마재고!$L:$L) -> 557 | AY37: =SUMIF(WMS용마재고!$A:$A,"S173-02.75", WMS용마재고!$L:$L) -> 363 | AZ37: =SUMIF(WMS용마재고!$A:$A,"S173-03.00", WMS용마재고!$L:$L) -> 742 | BA37: =SUMIF(WMS용마재고!$A:$A,"S173-03.25", WMS용마재고!$L:$L) -> 591 | BB37: =SUMIF(WMS용마재고!$A:$A,"S173-03.50", WMS용마재고!$L:$L) -> 271 | BC37: =SUMIF(WMS용마재고!$A:$A,"S173-03.75", WMS용마재고!$L:$L) -> 359 | BD37: =SUMIF(WMS용마재고!$A:$A,"S173-04.00", WMS용마재고!$L:$L) -> 96 | BE37: =SUMIF(WMS용마재고!$A:$A,"S173-04.25", WMS용마재고!$L:$L) -> 335 | BF37: =SUMIF(WMS용마재고!$A:$A,"S173-04.50", WMS용마재고!$L:$L) -> 436 | BG37: =SUMIF(WMS용마재고!$A:$A,"S173-04.75", WMS용마재고!$L:$L) -> 350 | BH37: =SUMIF(WMS용마재고!$A:$A,"S173-05.00", WMS용마재고!$L:$L) -> 288 | BI37: =SUMIF(WMS용마재고!$A:$A,"S173-05.25", WMS용마재고!$L:$L) -> 183 | BJ37: =SUMIF(WMS용마재고!$A:$A,"S173-05.50", WMS용마재고!$L:$L) -> 480 | BK37: =SUMIF(WMS용마재고!$A:$A,"S173-05.75", WMS용마재고!$L:$L) -> 226 | BL37: =SUMIF(WMS용마재고!$A:$A,"S173-06.00", WMS용마재고!$L:$L) -> 281 | BM37: =SUMIF(WMS용마재고!$A:$A,"S173-06.50", WMS용마재고!$L:$L) -> 385 | BN37: =SUMIF(WMS용마재고!$A:$A,"S173-07.00", WMS용마재고!$L:$L) -> 230 | BO37: =SUMIF(WMS용마재고!$A:$A,"S173-07.50", WMS용마재고!$L:$L) -> 200 | BP37: =SUMIF(WMS용마재고!$A:$A,"S173-08.00", WMS용마재고!$L:$L) -> 267 | BQ37: =SUMIF(WMS용마재고!$A:$A,"S173-08.50", WMS용마재고!$L:$L) -> 73 | BR37: =SUMIF(WMS용마재고!$A:$A,"S173-09.00", WMS용마재고!$L:$L) -> 71 | BS37: =SUMIF(WMS용마재고!$A:$A,"S173-09.50", WMS용마재고!$L:$L) -> 111 | BT37: =SUMIF(WMS용마재고!$A:$A,"S173-10.00", WMS용마재고!$L:$L) -> 83 | BU37: =SUMIF(WMS용마재고!$A:$A,"s123-10.50", WMS용마재고!$L:$L) -> 0 | BV37: =SUMIF(WMS용마재고!$A:$A,"s123-10.50", WMS용마재고!$L:$L) -> 0 | BW37: =SUMIF(WMS용마재고!$A:$A,"s123-10.50", WMS용마재고!$L:$L) -> 0 | BX37: =SUMIF(WMS용마재고!$A:$A,"s123-10.50", WMS용마재고!$L:$L) -> 0 | BY37: 320 | BZ37: 488 | CA37: 259 | CB37: 259 | CC37: 421 | CD37: 456 | CE37: 335 | CF37: 491 | CG37: 321 | CH37: 557 | CI37: 363 | CJ37: 742 | CK37: 591 | CL37: 271 | CM37: 359 | CN37: 96 | CO37: 335 | CP37: 436 | CQ37: 350 | CR37: 288 | CS37: 183 | CT37: 480 | CU37: 226 | CV37: 281 | CW37: 385 | CX37: 230 | CY37: 200 | CZ37: 267 | DA37: 73 | DB37: 71 | DC37: 111 | DD37: 83 | DE37: 0 | DF37: 0 | DG37: 0 | DH37: 0 | DI37: =IF(AND(BY37<30, AO37>=30), "증가", "") | DJ37: =IF(AND(BZ37<30, AP37>=30), "증가", "") | DK37: =IF(AND(CA37<30, AQ37>=30), "증가", "") | DL37: =IF(AND(CB37<30, AR37>=30), "증가", "") | DM37: =IF(AND(CC37<30, AS37>=30), "증가", "") | DN37: =IF(AND(CD37<30, AT37>=30), "증가", "") | DO37: =IF(AND(CE37<30, AU37>=30), "증가", "") | DP37: =IF(AND(CF37<30, AV37>=30), "증가", "") | ... ER37: =IF(AND(DH37<30, BX37>=30), "증가", "") | ES37: =IF(AND(AO37<30, BY37>=30), "경고", "") | ET37: =IF(AND(AP37<30, BZ37>=30), "경고", "") | EU37: =IF(AND(AQ37<30, CA37>=30), "경고", "") | EV37: =IF(AND(AR37<30, CB37>=30), "경고", "") | EW37: =IF(AND(AS37<30, CC37>=30), "경고", "") | EX37: =IF(AND(AT37<30, CD37>=30), "경고", "") | EY37: =IF(AND(AU37<30, CE37>=30), "경고", "") | EZ37: =IF(AND(AV37<30, CF37>=30), "경고", "") | ... GB37: =IF(AND(BX37<30, DH37>=30), "경고", "")
A38: 재고표 | C38: PL | D38: -0.5 | E38: -0.75 | F38: -1 | G38: -1.25 | H38: -1.5 | I38: -1.75 | J38: -2 | K38: -2.25 | L38: -2.5 | M38: -2.75 | N38: -3 | O38: -3.25 | P38: -3.5 | Q38: -3.75 | R38: -4 | S38: -4.25 | T38: -4.5 | U38: -4.75 | V38: -5 | W38: -5.25 | X38: -5.5 | Y38: -5.75 | Z38: -6 | AA38: -6.5 | AB38: -7 | AC38: -7.5 | AD38: -8 | AE38: -8.5 | AF38: -9 | AG38: -9.5 | AH38: -10 | AI38: -10.5 | AJ38: -11 | AK38: -11.5 | AL38: -12 | BF38: =IF(AND(AN38<30, V38>=30), "증가", "")
A39: O2O2 1DAY 30P
A40: 19 | B40: 세피아 초코 | C40: =SUMIF(WMS용마재고!$A:$A,"S615-00.00", WMS용마재고!$L:$L) -> 1053 | D40: =SUMIF(WMS용마재고!$A:$A,"S615-00.50", WMS용마재고!$L:$L) -> 312 | E40: =SUMIF(WMS용마재고!$A:$A,"S615-00.75", WMS용마재고!$L:$L) -> 323 | F40: =SUMIF(WMS용마재고!$A:$A,"S615-01.00", WMS용마재고!$L:$L) -> 235 | G40: =SUMIF(WMS용마재고!$A:$A,"S615-01.25", WMS용마재고!$L:$L) -> 499 | H40: =SUMIF(WMS용마재고!$A:$A,"S615-01.50", WMS용마재고!$L:$L) -> 461 | I40: =SUMIF(WMS용마재고!$A:$A,"S615-01.75", WMS용마재고!$L:$L) -> 608 | J40: =SUMIF(WMS용마재고!$A:$A,"S615-02.00", WMS용마재고!$L:$L) -> 241 | K40: =SUMIF(WMS용마재고!$A:$A,"S615-02.25", WMS용마재고!$L:$L) -> 447 | L40: =SUMIF(WMS용마재고!$A:$A,"S615-02.50", WMS용마재고!$L:$L) -> 450 | M40: =SUMIF(WMS용마재고!$A:$A,"S615-02.75", WMS용마재고!$L:$L) -> 497 | N40: =SUMIF(WMS용마재고!$A:$A,"S615-03.00", WMS용마재고!$L:$L) -> 453 | O40: =SUMIF(WMS용마재고!$A:$A,"S615-03.25", WMS용마재고!$L:$L) -> 434 | P40: =SUMIF(WMS용마재고!$A:$A,"S615-03.50", WMS용마재고!$L:$L) -> 395 | Q40: =SUMIF(WMS용마재고!$A:$A,"S615-03.75", WMS용마재고!$L:$L) -> 416 | R40: =SUMIF(WMS용마재고!$A:$A,"S615-04.00", WMS용마재고!$L:$L) -> 360 | S40: =SUMIF(WMS용마재고!$A:$A,"S615-04.25", WMS용마재고!$L:$L) -> 844 | T40: =SUMIF(WMS용마재고!$A:$A,"S615-04.50", WMS용마재고!$L:$L) -> 330 | U40: =SUMIF(WMS용마재고!$A:$A,"S615-04.75", WMS용마재고!$L:$L) -> 443 | V40: =SUMIF(WMS용마재고!$A:$A,"S615-05.00", WMS용마재고!$L:$L) -> 466 | X40: =SUMIF(WMS용마재고!$A:$A,"S615-05.50", WMS용마재고!$L:$L) -> 783 | Z40: =SUMIF(WMS용마재고!$A:$A,"S615-06.00", WMS용마재고!$L:$L) -> 457 | AA40: =SUMIF(WMS용마재고!$A:$A,"S615-06.50", WMS용마재고!$L:$L) -> 242 | AB40: =SUMIF(WMS용마재고!$A:$A,"S615-07.00", WMS용마재고!$L:$L) -> 114 | AC40: =SUMIF(WMS용마재고!$A:$A,"S615-07.50", WMS용마재고!$L:$L) -> 464 | AD40: =SUMIF(WMS용마재고!$A:$A,"S615-08.00", WMS용마재고!$L:$L) -> 391 | AE40: =SUMIF(WMS용마재고!$A:$A,"S615-08.50", WMS용마재고!$L:$L) -> 211 | AF40: =SUMIF(WMS용마재고!$A:$A,"S615-09.00", WMS용마재고!$L:$L) -> 190 | AG40: =SUMIF(WMS용마재고!$A:$A,"S615-09.50", WMS용마재고!$L:$L) -> 403 | AH40: =SUMIF(WMS용마재고!$A:$A,"S615-10.00", WMS용마재고!$L:$L) -> 201 | AN40: O2O2 D_Sepia Choco | AO40: =SUMIF(WMS용마재고!$A:$A,"S615-00.00", WMS용마재고!$L:$L) -> 1053 | AP40: =SUMIF(WMS용마재고!$A:$A,"S615-00.50", WMS용마재고!$L:$L) -> 312 | AQ40: =SUMIF(WMS용마재고!$A:$A,"S615-00.75", WMS용마재고!$L:$L) -> 323 | AR40: =SUMIF(WMS용마재고!$A:$A,"S615-01.00", WMS용마재고!$L:$L) -> 235 | AS40: =SUMIF(WMS용마재고!$A:$A,"S615-01.25", WMS용마재고!$L:$L) -> 499 | AT40: =SUMIF(WMS용마재고!$A:$A,"S615-01.50", WMS용마재고!$L:$L) -> 461 | AU40: =SUMIF(WMS용마재고!$A:$A,"S615-01.75", WMS용마재고!$L:$L) -> 608 | AV40: =SUMIF(WMS용마재고!$A:$A,"S615-02.00", WMS용마재고!$L:$L) -> 241 | AW40: =SUMIF(WMS용마재고!$A:$A,"S615-02.25", WMS용마재고!$L:$L) -> 447 | AX40: =SUMIF(WMS용마재고!$A:$A,"S615-02.50", WMS용마재고!$L:$L) -> 450 | AY40: =SUMIF(WMS용마재고!$A:$A,"S615-02.75", WMS용마재고!$L:$L) -> 497 | AZ40: =SUMIF(WMS용마재고!$A:$A,"S615-03.00", WMS용마재고!$L:$L) -> 453 | BA40: =SUMIF(WMS용마재고!$A:$A,"S615-03.25", WMS용마재고!$L:$L) -> 434 | BB40: =SUMIF(WMS용마재고!$A:$A,"S615-03.50", WMS용마재고!$L:$L) -> 395 | BC40: =SUMIF(WMS용마재고!$A:$A,"S615-03.75", WMS용마재고!$L:$L) -> 416 | BD40: =SUMIF(WMS용마재고!$A:$A,"S615-04.00", WMS용마재고!$L:$L) -> 360 | BE40: =SUMIF(WMS용마재고!$A:$A,"S615-04.25", WMS용마재고!$L:$L) -> 844 | BF40: =SUMIF(WMS용마재고!$A:$A,"S615-04.50", WMS용마재고!$L:$L) -> 330 | BG40: =SUMIF(WMS용마재고!$A:$A,"S615-04.75", WMS용마재고!$L:$L) -> 443 | BH40: =SUMIF(WMS용마재고!$A:$A,"S615-05.00", WMS용마재고!$L:$L) -> 466 | BI40: =SUMIF(WMS용마재고!$A:$A,"S615-05.25", WMS용마재고!$L:$L) -> 0 | BJ40: =SUMIF(WMS용마재고!$A:$A,"S615-05.50", WMS용마재고!$L:$L) -> 783 | BK40: =SUMIF(WMS용마재고!$A:$A,"S615-05.75", WMS용마재고!$L:$L) -> 0 | BL40: =SUMIF(WMS용마재고!$A:$A,"S615-06.00", WMS용마재고!$L:$L) -> 457 | BM40: =SUMIF(WMS용마재고!$A:$A,"S615-06.50", WMS용마재고!$L:$L) -> 242 | BN40: =SUMIF(WMS용마재고!$A:$A,"S615-07.00", WMS용마재고!$L:$L) -> 114 | BO40: =SUMIF(WMS용마재고!$A:$A,"S615-07.50", WMS용마재고!$L:$L) -> 464 | BP40: =SUMIF(WMS용마재고!$A:$A,"S615-08.00", WMS용마재고!$L:$L) -> 391 | BQ40: =SUMIF(WMS용마재고!$A:$A,"S615-08.50", WMS용마재고!$L:$L) -> 211 | BR40: =SUMIF(WMS용마재고!$A:$A,"S615-09.00", WMS용마재고!$L:$L) -> 190 | BS40: =SUMIF(WMS용마재고!$A:$A,"S615-09.50", WMS용마재고!$L:$L) -> 403 | BT40: =SUMIF(WMS용마재고!$A:$A,"S615-10.00", WMS용마재고!$L:$L) -> 201 | BU40: =SUMIF(WMS용마재고!$A:$A,"s123-10.50", WMS용마재고!$L:$L) -> 0 | BV40: =SUMIF(WMS용마재고!$A:$A,"s123-10.50", WMS용마재고!$L:$L) -> 0 | BW40: =SUMIF(WMS용마재고!$A:$A,"s123-10.50", WMS용마재고!$L:$L) -> 0 | BX40: =SUMIF(WMS용마재고!$A:$A,"s123-10.50", WMS용마재고!$L:$L) -> 0 | BY40: 1053 | BZ40: 312 | CA40: 323 | CB40: 235 | CC40: 499 | CD40: 461 | CE40: 608 | CF40: 241 | CG40: 447 | CH40: 450 | CI40: 497 | CJ40: 453 | CK40: 434 | CL40: 395 | CM40: 416 | CN40: 360 | CO40: 844 | CP40: 330 | CQ40: 443 | CR40: 466 | CS40: 0 | CT40: 783 | CU40: 0 | CV40: 457 | CW40: 242 | CX40: 114 | CY40: 464 | CZ40: 391 | DA40: 211 | DB40: 190 | DC40: 403 | DD40: 201 | DE40: 0 | DF40: 0 | DG40: 0 | DH40: 0 | DI40: =IF(AND(BY40<30, AO40>=30), "증가", "") | DJ40: =IF(AND(BZ40<30, AP40>=30), "증가", "") | DK40: =IF(AND(CA40<30, AQ40>=30), "증가", "") | DL40: =IF(AND(CB40<30, AR40>=30), "증가", "") | DM40: =IF(AND(CC40<30, AS40>=30), "증가", "") | DN40: =IF(AND(CD40<30, AT40>=30), "증가", "") | DO40: =IF(AND(CE40<30, AU40>=30), "증가", "") | DP40: =IF(AND(CF40<30, AV40>=30), "증가", "") | ... ER40: =IF(AND(DH40<30, BX40>=30), "증가", "") | ES40: =IF(AND(AO40<30, BY40>=30), "경고", "") | ET40: =IF(AND(AP40<30, BZ40>=30), "경고", "") | EU40: =IF(AND(AQ40<30, CA40>=30), "경고", "") | EV40: =IF(AND(AR40<30, CB40>=30), "경고", "") | EW40: =IF(AND(AS40<30, CC40>=30), "경고", "") | EX40: =IF(AND(AT40<30, CD40>=30), "경고", "") | EY40: =IF(AND(AU40<30, CE40>=30), "경고", "") | EZ40: =IF(AND(AV40<30, CF40>=30), "경고", "") | ... GB40: =IF(AND(BX40<30, DH40>=30), "경고", "")
A41: 20 | B41: 애쉬 브라운 | C41: =SUMIF(WMS용마재고!$A:$A,"S617-00.00", WMS용마재고!$L:$L) -> 258 | D41: =SUMIF(WMS용마재고!$A:$A,"S617-00.50", WMS용마재고!$L:$L) -> 456 | E41: =SUMIF(WMS용마재고!$A:$A,"S617-00.75", WMS용마재고!$L:$L) -> 622 | F41: =SUMIF(WMS용마재고!$A:$A,"S617-01.00", WMS용마재고!$L:$L) -> 373 | G41: =SUMIF(WMS용마재고!$A:$A,"S617-01.25", WMS용마재고!$L:$L) -> 428 | H41: =SUMIF(WMS용마재고!$A:$A,"S617-01.50", WMS용마재고!$L:$L) -> 97 | I41: =SUMIF(WMS용마재고!$A:$A,"S617-01.75", WMS용마재고!$L:$L) -> 242 | J41: =SUMIF(WMS용마재고!$A:$A,"S617-02.00", WMS용마재고!$L:$L) -> 264 | K41: =SUMIF(WMS용마재고!$A:$A,"S617-02.25", WMS용마재고!$L:$L) -> 307 | L41: =SUMIF(WMS용마재고!$A:$A,"S617-02.50", WMS용마재고!$L:$L) -> 303 | M41: =SUMIF(WMS용마재고!$A:$A,"S617-02.75", WMS용마재고!$L:$L) -> 327 | N41: =SUMIF(WMS용마재고!$A:$A,"S617-03.00", WMS용마재고!$L:$L) -> 403 | O41: =SUMIF(WMS용마재고!$A:$A,"S617-03.25", WMS용마재고!$L:$L) -> 85 | P41: =SUMIF(WMS용마재고!$A:$A,"S617-03.50", WMS용마재고!$L:$L) -> 224 | Q41: =SUMIF(WMS용마재고!$A:$A,"S617-03.75", WMS용마재고!$L:$L) -> 363 | R41: =SUMIF(WMS용마재고!$A:$A,"S617-04.00", WMS용마재고!$L:$L) -> 254 | S41: =SUMIF(WMS용마재고!$A:$A,"S617-04.25", WMS용마재고!$L:$L) -> 437 | T41: =SUMIF(WMS용마재고!$A:$A,"S617-04.50", WMS용마재고!$L:$L) -> 294 | U41: =SUMIF(WMS용마재고!$A:$A,"S617-04.75", WMS용마재고!$L:$L) -> 418 | V41: =SUMIF(WMS용마재고!$A:$A,"S617-05.00", WMS용마재고!$L:$L) -> 412 | X41: =SUMIF(WMS용마재고!$A:$A,"S617-05.50", WMS용마재고!$L:$L) -> 400 | Z41: =SUMIF(WMS용마재고!$A:$A,"S617-06.00", WMS용마재고!$L:$L) -> 606 | AA41: =SUMIF(WMS용마재고!$A:$A,"S617-06.50", WMS용마재고!$L:$L) -> 399 | AB41: =SUMIF(WMS용마재고!$A:$A,"S617-07.00", WMS용마재고!$L:$L) -> 1077 | AC41: =SUMIF(WMS용마재고!$A:$A,"S617-07.50", WMS용마재고!$L:$L) -> 2695 | AD41: =SUMIF(WMS용마재고!$A:$A,"S617-08.00", WMS용마재고!$L:$L) -> 1597 | AE41: =SUMIF(WMS용마재고!$A:$A,"S617-08.50", WMS용마재고!$L:$L) -> 2228 | AF41: =SUMIF(WMS용마재고!$A:$A,"S617-09.00", WMS용마재고!$L:$L) -> 2434 | AG41: =SUMIF(WMS용마재고!$A:$A,"S617-09.50", WMS용마재고!$L:$L) -> 164 | AH41: =SUMIF(WMS용마재고!$A:$A,"S617-10.00", WMS용마재고!$L:$L) -> 157 | AN41: O2O2 D_Ash Brown EX | AO41: =SUMIF(WMS용마재고!$A:$A,"S617-00.00", WMS용마재고!$L:$L) -> 258 | AP41: =SUMIF(WMS용마재고!$A:$A,"S617-00.50", WMS용마재고!$L:$L) -> 456 | AQ41: =SUMIF(WMS용마재고!$A:$A,"S617-00.75", WMS용마재고!$L:$L) -> 622 | AR41: =SUMIF(WMS용마재고!$A:$A,"S617-01.00", WMS용마재고!$L:$L) -> 373 | AS41: =SUMIF(WMS용마재고!$A:$A,"S617-01.25", WMS용마재고!$L:$L) -> 428 | AT41: =SUMIF(WMS용마재고!$A:$A,"S617-01.50", WMS용마재고!$L:$L) -> 97 | AU41: =SUMIF(WMS용마재고!$A:$A,"S617-01.75", WMS용마재고!$L:$L) -> 242 | AV41: =SUMIF(WMS용마재고!$A:$A,"S617-02.00", WMS용마재고!$L:$L) -> 264 | AW41: =SUMIF(WMS용마재고!$A:$A,"S617-02.25", WMS용마재고!$L:$L) -> 307 | AX41: =SUMIF(WMS용마재고!$A:$A,"S617-02.50", WMS용마재고!$L:$L) -> 303 | AY41: =SUMIF(WMS용마재고!$A:$A,"S617-02.75", WMS용마재고!$L:$L) -> 327 | AZ41: =SUMIF(WMS용마재고!$A:$A,"S617-03.00", WMS용마재고!$L:$L) -> 403 | BA41: =SUMIF(WMS용마재고!$A:$A,"S617-03.25", WMS용마재고!$L:$L) -> 85 | BB41: =SUMIF(WMS용마재고!$A:$A,"S617-03.50", WMS용마재고!$L:$L) -> 224 | BC41: =SUMIF(WMS용마재고!$A:$A,"S617-03.75", WMS용마재고!$L:$L) -> 363 | BD41: =SUMIF(WMS용마재고!$A:$A,"S617-04.00", WMS용마재고!$L:$L) -> 254 | BE41: =SUMIF(WMS용마재고!$A:$A,"S617-04.25", WMS용마재고!$L:$L) -> 437 | BF41: =SUMIF(WMS용마재고!$A:$A,"S617-04.50", WMS용마재고!$L:$L) -> 294 | BG41: =SUMIF(WMS용마재고!$A:$A,"S617-04.75", WMS용마재고!$L:$L) -> 418 | BH41: =SUMIF(WMS용마재고!$A:$A,"S617-05.00", WMS용마재고!$L:$L) -> 412 | BI41: =SUMIF(WMS용마재고!$A:$A,"S617-05.25", WMS용마재고!$L:$L) -> 0 | BJ41: =SUMIF(WMS용마재고!$A:$A,"S617-05.50", WMS용마재고!$L:$L) -> 400 | BK41: =SUMIF(WMS용마재고!$A:$A,"S617-05.75", WMS용마재고!$L:$L) -> 0 | BL41: =SUMIF(WMS용마재고!$A:$A,"S617-06.00", WMS용마재고!$L:$L) -> 606 | BM41: =SUMIF(WMS용마재고!$A:$A,"S617-06.50", WMS용마재고!$L:$L) -> 399 | BN41: =SUMIF(WMS용마재고!$A:$A,"S617-07.00", WMS용마재고!$L:$L) -> 1077 | BO41: =SUMIF(WMS용마재고!$A:$A,"S617-07.50", WMS용마재고!$L:$L) -> 2695 | BP41: =SUMIF(WMS용마재고!$A:$A,"S617-08.00", WMS용마재고!$L:$L) -> 1597 | BQ41: =SUMIF(WMS용마재고!$A:$A,"S617-08.50", WMS용마재고!$L:$L) -> 2228 | BR41: =SUMIF(WMS용마재고!$A:$A,"S617-09.00", WMS용마재고!$L:$L) -> 2434 | BS41: =SUMIF(WMS용마재고!$A:$A,"S617-09.50", WMS용마재고!$L:$L) -> 164 | BT41: =SUMIF(WMS용마재고!$A:$A,"S617-10.00", WMS용마재고!$L:$L) -> 157 | BV41: =SUMIF(WMS용마재고!$A:$A,"S617-10.50", WMS용마재고!$L:$L) -> 0 | BW41: =SUMIF(WMS용마재고!$A:$A,"S617-10.50", WMS용마재고!$L:$L) -> 0 | BX41: =SUMIF(WMS용마재고!$A:$A,"S617-10.50", WMS용마재고!$L:$L) -> 0 | BY41: 258 | BZ41: 456 | CA41: 622 | CB41: 373 | CC41: 428 | CD41: 97 | CE41: 242 | CF41: 264 | CG41: 307 | CH41: 303 | CI41: 327 | CJ41: 403 | CK41: 85 | CL41: 224 | CM41: 363 | CN41: 254 | CO41: 437 | CP41: 294 | CQ41: 418 | CR41: 412 | CS41: 0 | CT41: 400 | CU41: 0 | CV41: 606 | CW41: 399 | CX41: 1077 | CY41: 2695 | CZ41: 1597 | DA41: 2228 | DB41: 2434 | DC41: 164 | DD41: 157 | DF41: 0 | DG41: 0 | DH41: 0 | DI41: =IF(AND(BY41<30, AO41>=30), "증가", "") | DJ41: =IF(AND(BZ41<30, AP41>=30), "증가", "") | DK41: =IF(AND(CA41<30, AQ41>=30), "증가", "") | DL41: =IF(AND(CB41<30, AR41>=30), "증가", "") | DM41: =IF(AND(CC41<30, AS41>=30), "증가", "") | DN41: =IF(AND(CD41<30, AT41>=30), "증가", "") | DO41: =IF(AND(CE41<30, AU41>=30), "증가", "") | DP41: =IF(AND(CF41<30, AV41>=30), "증가", "") | ... ER41: =IF(AND(DH41<30, BX41>=30), "증가", "") | ES41: =IF(AND(AO41<30, BY41>=30), "경고", "") | ET41: =IF(AND(AP41<30, BZ41>=30), "경고", "") | EU41: =IF(AND(AQ41<30, CA41>=30), "경고", "") | EV41: =IF(AND(AR41<30, CB41>=30), "경고", "") | EW41: =IF(AND(AS41<30, CC41>=30), "경고", "") | EX41: =IF(AND(AT41<30, CD41>=30), "경고", "") | EY41: =IF(AND(AU41<30, CE41>=30), "경고", "") | EZ41: =IF(AND(AV41<30, CF41>=30), "경고", "") | ... GB41: =IF(AND(BX41<30, DH41>=30), "경고", "")
A42: 21 | B42: 애쉬 그레이 | C42: =SUMIF(WMS용마재고!$A:$A,"S619-00.00", WMS용마재고!$L:$L) -> 559 | D42: =SUMIF(WMS용마재고!$A:$A,"S619-00.50", WMS용마재고!$L:$L) -> 597 | E42: =SUMIF(WMS용마재고!$A:$A,"S619-00.75", WMS용마재고!$L:$L) -> 1585 | F42: =SUMIF(WMS용마재고!$A:$A,"S619-01.00", WMS용마재고!$L:$L) -> 309 | G42: =SUMIF(WMS용마재고!$A:$A,"S619-01.25", WMS용마재고!$L:$L) -> 326 | H42: =SUMIF(WMS용마재고!$A:$A,"S619-01.50", WMS용마재고!$L:$L) -> 181 | I42: =SUMIF(WMS용마재고!$A:$A,"S619-01.75", WMS용마재고!$L:$L) -> 38 | J42: =SUMIF(WMS용마재고!$A:$A,"S619-02.00", WMS용마재고!$L:$L) -> 288 | K42: =SUMIF(WMS용마재고!$A:$A,"S619-02.25", WMS용마재고!$L:$L) -> 135 | L42: =SUMIF(WMS용마재고!$A:$A,"S619-02.50", WMS용마재고!$L:$L) -> 253 | M42: =SUMIF(WMS용마재고!$A:$A,"S619-02.75", WMS용마재고!$L:$L) -> 238 | N42: =SUMIF(WMS용마재고!$A:$A,"S619-03.00", WMS용마재고!$L:$L) -> 371 | O42: =SUMIF(WMS용마재고!$A:$A,"S619-03.25", WMS용마재고!$L:$L) -> 488 | P42: =SUMIF(WMS용마재고!$A:$A,"S619-03.50", WMS용마재고!$L:$L) -> 373 | Q42: =SUMIF(WMS용마재고!$A:$A,"S619-03.75", WMS용마재고!$L:$L) -> 68 | R42: =SUMIF(WMS용마재고!$A:$A,"S619-04.00", WMS용마재고!$L:$L) -> 608 | S42: =SUMIF(WMS용마재고!$A:$A,"S619-04.25", WMS용마재고!$L:$L) -> 1043 | T42: =SUMIF(WMS용마재고!$A:$A,"S619-04.50", WMS용마재고!$L:$L) -> 484 | U42: =SUMIF(WMS용마재고!$A:$A,"S619-04.75", WMS용마재고!$L:$L) -> 938 | V42: =SUMIF(WMS용마재고!$A:$A,"S619-05.00", WMS용마재고!$L:$L) -> 119 | X42: =SUMIF(WMS용마재고!$A:$A,"S619-05.50", WMS용마재고!$L:$L) -> 77 | Z42: =SUMIF(WMS용마재고!$A:$A,"S619-06.00", WMS용마재고!$L:$L) -> 601 | AA42: =SUMIF(WMS용마재고!$A:$A,"S619-06.50", WMS용마재고!$L:$L) -> 627 | AB42: =SUMIF(WMS용마재고!$A:$A,"S619-07.00", WMS용마재고!$L:$L) -> 1201 | AC42: =SUMIF(WMS용마재고!$A:$A,"S619-07.50", WMS용마재고!$L:$L) -> 1475 | AD42: =SUMIF(WMS용마재고!$A:$A,"S619-08.00", WMS용마재고!$L:$L) -> 1691 | AE42: =SUMIF(WMS용마재고!$A:$A,"S619-08.50", WMS용마재고!$L:$L) -> 2104 | AF42: =SUMIF(WMS용마재고!$A:$A,"S619-09.00", WMS용마재고!$L:$L) -> 2006 | AG42: =SUMIF(WMS용마재고!$A:$A,"S619-09.50", WMS용마재고!$L:$L) -> 598 | AH42: =SUMIF(WMS용마재고!$A:$A,"S619-10.00", WMS용마재고!$L:$L) -> 155 | AN42: O2O2 D_Ash Gray EX | AO42: =SUMIF(WMS용마재고!$A:$A,"S619-00.00", WMS용마재고!$L:$L) -> 559 | AP42: =SUMIF(WMS용마재고!$A:$A,"S619-00.50", WMS용마재고!$L:$L) -> 597 | AQ42: =SUMIF(WMS용마재고!$A:$A,"S619-00.75", WMS용마재고!$L:$L) -> 1585 | AR42: =SUMIF(WMS용마재고!$A:$A,"S619-01.00", WMS용마재고!$L:$L) -> 309 | AS42: =SUMIF(WMS용마재고!$A:$A,"S619-01.25", WMS용마재고!$L:$L) -> 326 | AT42: =SUMIF(WMS용마재고!$A:$A,"S619-01.50", WMS용마재고!$L:$L) -> 181 | AU42: =SUMIF(WMS용마재고!$A:$A,"S619-01.75", WMS용마재고!$L:$L) -> 38 | AV42: =SUMIF(WMS용마재고!$A:$A,"S619-02.00", WMS용마재고!$L:$L) -> 288 | AW42: =SUMIF(WMS용마재고!$A:$A,"S619-02.25", WMS용마재고!$L:$L) -> 135 | AX42: =SUMIF(WMS용마재고!$A:$A,"S619-02.50", WMS용마재고!$L:$L) -> 253 | AY42: =SUMIF(WMS용마재고!$A:$A,"S619-02.75", WMS용마재고!$L:$L) -> 238 | AZ42: =SUMIF(WMS용마재고!$A:$A,"S619-03.00", WMS용마재고!$L:$L) -> 371 | BA42: =SUMIF(WMS용마재고!$A:$A,"S619-03.25", WMS용마재고!$L:$L) -> 488 | BB42: =SUMIF(WMS용마재고!$A:$A,"S619-03.50", WMS용마재고!$L:$L) -> 373 | BC42: =SUMIF(WMS용마재고!$A:$A,"S619-03.75", WMS용마재고!$L:$L) -> 68 | BD42: =SUMIF(WMS용마재고!$A:$A,"S619-04.00", WMS용마재고!$L:$L) -> 608 | BE42: =SUMIF(WMS용마재고!$A:$A,"S619-04.25", WMS용마재고!$L:$L) -> 1043 | BF42: =SUMIF(WMS용마재고!$A:$A,"S619-04.50", WMS용마재고!$L:$L) -> 484 | BG42: =SUMIF(WMS용마재고!$A:$A,"S619-04.75", WMS용마재고!$L:$L) -> 938 | BH42: =SUMIF(WMS용마재고!$A:$A,"S619-05.00", WMS용마재고!$L:$L) -> 119 | BI42: =SUMIF(WMS용마재고!$A:$A,"S619-05.25", WMS용마재고!$L:$L) -> 0 | BJ42: =SUMIF(WMS용마재고!$A:$A,"S619-05.50", WMS용마재고!$L:$L) -> 77 | BK42: =SUMIF(WMS용마재고!$A:$A,"S619-05.75", WMS용마재고!$L:$L) -> 0 | BL42: =SUMIF(WMS용마재고!$A:$A,"S619-06.00", WMS용마재고!$L:$L) -> 601 | BM42: =SUMIF(WMS용마재고!$A:$A,"S619-06.50", WMS용마재고!$L:$L) -> 627 | BN42: =SUMIF(WMS용마재고!$A:$A,"S619-07.00", WMS용마재고!$L:$L) -> 1201 | BO42: =SUMIF(WMS용마재고!$A:$A,"S619-07.50", WMS용마재고!$L:$L) -> 1475 | BP42: =SUMIF(WMS용마재고!$A:$A,"S619-08.00", WMS용마재고!$L:$L) -> 1691 | BQ42: =SUMIF(WMS용마재고!$A:$A,"S619-08.50", WMS용마재고!$L:$L) -> 2104 | BR42: =SUMIF(WMS용마재고!$A:$A,"S619-09.00", WMS용마재고!$L:$L) -> 2006 | BS42: =SUMIF(WMS용마재고!$A:$A,"S619-09.50", WMS용마재고!$L:$L) -> 598 | BT42: =SUMIF(WMS용마재고!$A:$A,"S619-10.00", WMS용마재고!$L:$L) -> 155 | BU42: =SUMIF(WMS용마재고!$A:$A,"S617-10.50", WMS용마재고!$L:$L) -> 0 | BV42: =SUMIF(WMS용마재고!$A:$A,"S617-10.50", WMS용마재고!$L:$L) -> 0 | BW42: =SUMIF(WMS용마재고!$A:$A,"S617-10.50", WMS용마재고!$L:$L) -> 0 | BX42: =SUMIF(WMS용마재고!$A:$A,"S617-10.50", WMS용마재고!$L:$L) -> 0 | BY42: 559 | BZ42: 597 | CA42: 1585 | CB42: 309 | CC42: 326 | CD42: 181 | CE42: 38 | CF42: 288 | CG42: 135 | CH42: 253 | CI42: 238 | CJ42: 371 | CK42: 488 | CL42: 373 | CM42: 68 | CN42: 608 | CO42: 1043 | CP42: 484 | CQ42: 938 | CR42: 119 | CS42: 0 | CT42: 77 | CU42: 0 | CV42: 601 | CW42: 627 | CX42: 1201 | CY42: 1475 | CZ42: 1691 | DA42: 2104 | DB42: 2006 | DC42: 598 | DD42: 155 | DE42: 0 | DF42: 0 | DG42: 0 | DH42: 0 | DI42: =IF(AND(BY42<30, AO42>=30), "증가", "") | DJ42: =IF(AND(BZ42<30, AP42>=30), "증가", "") | DK42: =IF(AND(CA42<30, AQ42>=30), "증가", "") | DL42: =IF(AND(CB42<30, AR42>=30), "증가", "") | DM42: =IF(AND(CC42<30, AS42>=30), "증가", "") | DN42: =IF(AND(CD42<30, AT42>=30), "증가", "") | DO42: =IF(AND(CE42<30, AU42>=30), "증가", "") | DP42: =IF(AND(CF42<30, AV42>=30), "증가", "") | ... ER42: =IF(AND(DH42<30, BX42>=30), "증가", "") | ES42: =IF(AND(AO42<30, BY42>=30), "경고", "") | ET42: =IF(AND(AP42<30, BZ42>=30), "경고", "") | EU42: =IF(AND(AQ42<30, CA42>=30), "경고", "") | EV42: =IF(AND(AR42<30, CB42>=30), "경고", "") | EW42: =IF(AND(AS42<30, CC42>=30), "경고", "") | EX42: =IF(AND(AT42<30, CD42>=30), "경고", "") | EY42: =IF(AND(AU42<30, CE42>=30), "경고", "") | EZ42: =IF(AND(AV42<30, CF42>=30), "경고", "") | ... GB42: =IF(AND(BX42<30, DH42>=30), "경고", "")
